PDB_id,1JSF,,
RESOLUTION,1.15,,
FINAL_DATE,1998/4/29,,
EXPERIMENT_TYPE,'X-RAY DIFFRACTION',,
PROGRAM,X-PLOR,,
R_VALUE(WORK+TEST),0.112,,
R_VALUE(WORK),?,,
R_VALUE(FREE),0.157,,
unit,amino_number,cos_w,w
A,1,0.9858830361418169,9.638745626676865
A,2,0.9999639995724662,0.48617515613406326
A,3,0.9574868560112485,16.76679206965503
A,4,0.992403883,7.06657136
A,5,0.9969498037392269,4.476225680385589
A,6,0.9873627026758921,9.118494791148029
A,7,0.9999047775782428,0.7906980864665155
A,8,0.9999067450418541,0.782486712
A,9,0.9998732024015914,0.9124261703220892
A,10,0.9995761711922697,1.6682003444818738
A,11,0.9996567151611149,1.501334161088788
A,12,0.9999756110415179,0.40016135051890966
A,13,0.9998669348437937,0.9347051169735274
A,14,0.9999150161372863,0.7469799405604098
A,15,0.9893026290705844,8.388109092573421
A,16,0.999920016,0.7246749507965615
A,17,0.996205286,4.993034615555321
A,18,0.9999999923220303,0.007100041
A,19,0.999991261,0.2395391974845257
A,20,0.9973104571218925,4.203143836131878
A,21,0.9992565383059115,2.2094991517546116
A,22,0.9931661918231065,6.702188781541441
A,23,0.9999227587346606,0.7121395659933736
A,24,0.9992989756609277,2.1455051074992677
A,25,0.9992952187808398,2.151247118967653
A,26,0.9997096635421836,1.3806987301839946
A,27,0.9965145945430458,4.78509435
A,28,0.9992907048448156,2.1581260179384336
A,29,0.9999008194611577,0.8069645405984389
A,30,0.9983332543703731,3.3085113796072583
A,31,0.9989400990057874,2.6382056528391393
A,32,0.9999349437666147,0.6535584621890154
A,33,0.9954992941369482,5.438022077038678
A,34,0.9995231404218933,1.7694982806165278
A,35,0.9837988583632152,10.327579050340642
A,36,0.9900644319880787,8.083402745253315
A,37,0.9995387724659465,1.7402511797247024
A,38,0.9960913407286527,5.0674923008107235
A,39,0.9999029869981142,0.7980977986754435
A,40,0.9972566630226066,4.2449887495918395
A,41,0.9975975144801957,3.9724186008218947
A,42,0.9937320077092633,6.418432294954531
A,43,0.999556228,1.7070005553325138
A,44,0.9992342449566506,2.242385521486303
A,45,0.9989856723941827,2.5808541929533417
A,46,0.997604514,3.9666250963106373
A,47,0.9992590180695442,2.2058108043821907
A,48,0.9975759181869555,3.9902401694270204
A,49,0.9945448199219561,5.987421096748972
A,50,0.998637921,2.990804536885739
A,51,0.999949713,0.5746007451422191
A,52,0.9951088621011274,5.669173638947646
A,53,0.9933093239720332,6.631550360899889
A,54,0.966922016,14.777861964536886
A,55,0.9831890811189455,10.520676042120055
A,56,0.9982914876594132,3.349720281447474
A,57,0.997032291,4.415254761620181
A,58,0.9999149818751819,0.7471305037817529
A,59,0.9832780293751388,10.49272789450082
A,60,0.9979872239689247,3.6358690059366334
A,61,0.994547965,5.985693115362956
A,62,0.9953372457639786,5.535129524756413
A,63,0.9622387708507948,15.795627250219251
A,64,0.9999981444308976,0.11037640976232037
A,65,0.9999742809910702,0.41092794440084135
A,66,0.990930504,7.722501197761671
A,67,0.9998885928044434,0.8552602411020659
A,68,0.9926505740068096,6.950734252871218
A,69,0.9998536150420332,0.9803725764394527
A,70,0.9994653111852697,1.8737322540852432
A,71,0.998568896,3.065667474778436
A,72,0.9999801538059988,0.36097486669413154
A,73,0.9999393834344906,0.6308636248440452
A,74,0.9999945506085725,0.18915238845812654
A,75,0.9990462332919743,2.502610334996323
A,76,0.9981987971100669,3.439411642525471
A,77,0.9997330185095439,1.3239996482156997
A,78,0.9974299645778275,4.108660353450945
A,79,0.9750857011370935,12.816451273062539
A,80,0.9979977075902221,3.6263846919097396
A,81,0.9978584960850526,3.7503741850996657
A,82,0.9987392494512699,2.8773841819823867
A,83,0.9978792771606714,3.732126609344051
A,84,0.9954869848053701,5.445459029840457
A,85,0.9993068594327051,2.1334053396934682
A,86,0.9953708578533473,5.515127604735926
A,87,0.9973097462385583,4.203699523193672
A,88,0.9907822099741882,7.785476602943926
A,89,0.9990812426524391,2.4562428268641607
A,90,0.9999998296571654,0.033442564
A,91,0.996737826,4.629236015290455
A,92,0.9992958081965619,2.1503472702104203
A,93,0.9998999115732632,0.8106496210139603
A,94,0.9999501707621365,0.571980938
A,95,0.9961929735046527,5.001133607345563
A,96,0.9956932252429318,5.319486367982465
A,97,0.9980690689015099,3.5611554053210996
A,98,0.9999442024763957,0.605267161
A,99,0.9946277665902937,5.941685854799175
A,100,0.9912542823563897,7.583197778626376
A,101,0.9938990835577195,6.332223215144857
A,102,0.998444545,3.196117292
A,103,0.9986054213050964,3.0262836236211563
A,104,0.998366404,3.2754356781563536
A,105,0.9987600916927456,2.8534962036580382
A,106,0.9977330096207836,3.8587313903135896
A,107,0.9964278317751637,4.844321384043175
A,108,0.9999637243514314,0.4880300184726139
A,109,0.9999034988591479,0.795989514
A,110,0.9996963451110605,1.412013208820187
A,111,0.9979972069347467,3.6268381876803932
A,112,0.9993089845834824,2.130131969332687
A,113,0.9989987799445934,2.5641217492181774
A,114,0.9838443946931156,10.31301567557408
A,115,0.9799936227054421,11.480176973866202
A,116,0.9966369164843449,4.7003288709457784
A,117,0.9971539936715601,4.323730488013218
A,118,0.9976205746355136,3.953300483043967
A,119,0.998395909,3.2457134495388322
A,120,0.9991714791628449,2.3324875678005186
A,121,0.9999997552723396,0.040084749
A,122,0.9991924855435349,2.3027246632763783
A,123,0.9959505577721627,5.1580066422209105
A,124,0.9999439594651787,0.606583781
A,125,0.9980818218649258,3.549372204478364
A,126,0.9998009230502507,1.1432871553183814
A,127,0.9970821538758091,4.377987121904448
A,128,0.9999805577144131,0.35728270431891274
A,129,0.9992332161621796,2.2438915345538906