PDB_id,4N4O
RESOLUTION,2.472
FINAL_DATE,2013-12-11
EXPERIMENT_TYPE,'X-RAY DIFFRACTION'
PROGRAM,REFMAC
R_VALUE(WORK+TEST),0.22859
R_VALUE(WORK),0.22395
R_VALUE(FREE),0.27289
unit,amino_number,aa_before,aa_after,cos_w,w
A,1,ASP,ILE,0.9902559871275245,8.004972310266075
A,2,ILE,SER,0.9880991206641742,8.848278959739702
A,3,SER,THR,0.9991548291654312,2.3558111538442
A,4,THR,VAL,0.9996156955054908,1.5885075067137597
A,5,VAL,PRO,0.9999908274659483,0.24540456012166376
A,6,PRO,ASP,0.9997755597014658,1.2139370658496675
A,7,ASP,GLU,0.9998655161208015,0.9396748675868838
A,8,GLU,THR,0.9979745411333505,3.647309981934217
A,9,THR,TYR,0.9993878108842315,2.0049455866467505
A,10,TYR,ASP,0.9989825523574121,2.584821126877828
A,11,ASP,ALA,0.999297505172569,2.1477544278615825
A,12,ALA,LEU,0.9998106451119194,1.1150202219158913
A,13,LEU,LYS,0.9937427821438614,6.412907633479054
A,14,LYS,LEU,0.9998469912375942,1.0023082826074905
A,15,LEU,ASP,0.9878422968402398,8.9434355982178
A,16,ASP,ARG,0.994289276250238,6.126184907210697
A,17,ARG,GLY,0.9999562465867846,0.5359758019970886
A,18,GLY,LYS,0.9953504326369168,5.527290866959623
A,19,LYS,ALA,0.9980267621247858,3.5999692521052693
A,20,ALA,THR,0.9998328018389504,1.0477542467114658
A,21,THR,PRO,0.997239838534284,4.2579917792601805
A,22,PRO,LYS,0.9997204894496199,1.3547115991027905
A,23,LYS,GLU,0.9998538860499417,0.9794646338286325
A,24,GLU,THR,0.9996137183416698,1.592588791319579
A,25,THR,TYR,0.9994544181734498,1.892724157458707
A,26,TYR,GLU,0.9999028338403576,0.7987275526155452
A,27,GLU,ALA,0.999261208572224,2.202547562358273
A,28,ALA,LEU,0.9958714706371712,5.2081663684580315
A,29,LEU,VAL,0.999948250069355,0.582900448122371
A,30,VAL,LYS,0.9979294810649003,3.6876712423098588
A,31,LYS,ARG,0.996481699268824,4.8076353882588805
A,32,ARG,TYR,0.9976419058496944,3.9355331951401142
A,33,TYR,LYS,0.9990344873134059,2.5179759159608537
A,34,LYS,ASP,0.9999851035415624,0.3127373011443756
A,35,ASP,PRO,0.9999964541093848,0.15258098903517806
A,36,PRO,ALA,0.999776261056263,1.2120387914107666
A,37,ALA,HIS,0.999809465744258,1.1184873074284498
A,38,HIS,GLY,0.9870109982457069,9.244783160055519
A,39,GLY,ALA,0.9997249359212049,1.3438924837119681
A,40,ALA,GLY,0.9996159833336723,1.5879124939659983
A,41,GLY,LYS,0.9986434124581929,2.984768489752149
A,42,LYS,GLY,0.9996452546026311,1.5261908814936374
A,43,GLY,THR,0.9948804703589588,5.800135203410791
A,44,THR,MET,0.9977879637198649,3.811657254521364
A,45,MET,GLY,0.9987020199423698,2.9195682148058992
A,46,GLY,ASP,0.9999984564633875,0.10066909254208635
A,47,ASP,TYR,0.9982206180172921,3.4185083388635866
A,48,TYR,TRP,0.9998840157913896,0.8726523442825026
A,49,TRP,GLU,0.9997057048900018,1.390080031290343
A,50,GLU,PRO,0.9997972631920893,1.1537488201864008
A,51,PRO,ILE,0.9779321764839044,12.05922208951594
A,52,ILE,ALA,0.9967390591274292,4.6283605197618805
A,53,ALA,ILE,0.9980282040641496,3.5986532440679455
A,54,ILE,SER,0.9999985942724097,0.09607010503900006
A,55,SER,ILE,0.9990352539321681,2.516975917958655
A,56,ILE,TYR,0.997320083217982,4.19561202546998
A,57,TYR,MET,0.9997406850435923,1.3048506272617533
A,58,MET,ASP,0.9988341032319372,2.767004616225333
A,59,ASP,PRO,0.9905864727021009,7.867832395995047
A,60,PRO,ASN,0.9999806806540308,0.3561513044697026
A,61,ASN,THR,0.9999852196251768,0.31151638111728236
A,62,THR,PHE,0.9758390416036429,12.62039716662937
A,63,PHE,TYR,0.9934069132645704,6.582955593991509
A,64,TYR,LYS,0.9813163400387213,11.092951646038598
A,65,LYS,PRO,0.9983793751456163,3.2624025477271426
A,66,PRO,PRO,0.9999407560138405,0.6236801333286773
A,67,PRO,VAL,0.9998246414412288,1.0730191198424104
A,68,VAL,SER,0.9999091651047348,0.7722666449905412
A,69,SER,PRO,0.9971949947958971,4.292457804534633
A,70,PRO,LYS,0.9984730116342874,3.166728082036613
A,71,LYS,GLU,0.992295526778289,7.116858549486535
A,72,GLU,VAL,0.9941056431277074,6.223997339050393
A,73,VAL,ALA,0.9879232519360985,8.913549415670127
A,74,ALA,GLU,0.9956214872991235,5.363638854440695
A,75,GLU,ARG,0.9997967928449455,1.155086432355998
A,76,ARG,LYS,0.9985419624942004,3.094387943835878
A,77,LYS,ASP,0.9964819362922884,4.807473348297982
A,78,ASP,CYS,0.9974702857584179,4.076288925318802
A,79,CYS,VAL,0.9979412577876883,3.677165285011875
A,80,VAL,GLU,0.9945217208233029,6.000095673564751
A,81,GLU,CYS,0.997328170383421,4.189273882303443
A,82,CYS,HIS,0.9999356290895437,0.6501069154449732
A,83,HIS,SER,0.9920117129121224,7.2469287678706955
A,84,SER,ASP,0.9948543106206795,5.814947767804219
A,85,ASP,GLU,0.9964855295693291,4.805016153799075
A,86,GLU,THR,0.9909534701554756,7.712702674308145
A,87,THR,PRO,0.9735657243586284,13.203306229536315
A,88,PRO,VAL,0.9985033295757153,3.135125278317219
A,89,VAL,TRP,0.9996188298804538,1.5820159231050788
A,90,TRP,VAL,0.9969352045295542,4.486930677825837
A,91,VAL,ARG,0.9999389011105568,0.6333685574281471
A,92,ARG,ALA,0.9991901092202977,2.3061108169481606
A,93,ALA,TRP,0.9975428559087552,4.017370719002982
A,94,TRP,LYS,0.9999727824090255,0.4227303769581229
A,95,LYS,ARG,0.9999631985724429,0.4915540684199184
A,96,ARG,SER,0.9998027422903657,1.1380510992269612
A,97,SER,THR,0.999850236312141,0.9916223653799817
A,98,THR,HIS,0.9998637205314848,0.9459273401466541
A,99,HIS,ALA,0.9999211748347973,0.7194041319150662
A,100,ALA,ASN,0.9986143467443745,3.0165815791986055
A,101,ASN,LEU,0.9987231377517461,2.895715398983758
A,102,LEU,ASP,0.995895569176852,5.192933446499906
A,103,ASP,LYS,0.9972888465584582,4.220003856569258
A,104,LYS,ILE,0.9992830248011734,2.16977973334142
A,105,ILE,ARG,0.9968573005592526,4.543628950309293
A,106,ARG,ASN,0.9999952538795124,0.17652539080403032
A,107,ASN,LEU,0.9999402133104542,0.6265302543720441
A,108,LEU,LYS,0.9991503550200656,2.3620393728097255
A,109,LYS,SER,0.9977645609787805,3.83177483111053
A,110,SER,ASP,0.9997576506386469,1.2614421583323294
A,111,ASP,ASP,0.9988657089787456,2.729235032851226
A,112,ASP,PRO,0.9999999410648913,0.019670920208307668
A,113,PRO,LEU,0.9999841311056656,0.322783657794049
A,114,LEU,TYR,0.9989385854991641,2.640088953000938
A,115,TYR,TYR,0.9999788630803814,0.37252827647798825
A,116,TYR,LYS,0.9997876198968242,1.1808703835602363
A,117,LYS,LYS,0.9995553389372567,1.7087096620033042
A,118,LYS,GLY,0.9972946208436675,4.215505493653736
A,119,GLY,LYS,0.998307576189431,3.3339068661400018
A,120,LYS,LEU,0.9953228903601428,5.543650229679362
A,121,LEU,GLU,0.9995103036681803,1.7931589159942654
A,122,GLU,GLU,0.9976624374165022,3.9183559840220648
A,123,GLU,VAL,0.9972789745210323,4.227683440086454
A,124,VAL,GLU,0.9994182307263717,1.954492811488493
A,125,GLU,ASN,0.9985051155688799,3.13325366372959
A,126,ASN,ASN,0.9982350536783703,3.4046092691372407
A,127,ASN,LEU,0.9988573260645822,2.7393035116102062
A,128,LEU,ARG,0.9963357793485003,4.906379544253466
A,129,ARG,SER,0.9999472180842377,0.5886838413447121
A,130,SER,MET,0.9999413738793455,0.6204193448042352
A,131,MET,GLY,0.999930553897172,0.6752492074703947
A,132,GLY,LYS,0.9999962784404743,0.1563148541924628
A,133,LYS,LEU,0.9999183574154975,0.7321481296106654
A,134,LEU,GLY,0.9981168789647726,3.5167777538485456
A,135,GLY,GLU,0.995550140255117,5.407194216465281
A,136,GLU,LYS,0.9967952123601579,4.588315912246879
A,137,LYS,GLU,0.9919513590360169,7.274290294144046
A,138,GLU,THR,0.9980224943379844,3.6038615007113077
A,139,THR,LEU,0.9999083056926417,0.7759114057546392
A,140,LEU,LYS,0.9928103236313522,6.874685702645307
A,141,LYS,GLU,0.9984257335332712,3.2153906432775274
A,142,GLU,VAL,0.9831538382356529,10.531729311836465
A,143,VAL,GLY,0.9957653312235706,5.274736028959235
A,144,GLY,CYS,0.9982011756882313,3.4371392533353946
A,145,CYS,ILE,0.9996944929967128,1.416313101722863
A,146,ILE,ASP,0.9998468556547649,1.002752274070926
A,147,ASP,CYS,0.9999975969632783,0.1256081794219884
A,148,CYS,HIS,0.987108792502116,9.209839983697659
A,149,HIS,VAL,0.9965994299935056,4.726467084230541
A,150,VAL,ASP,0.9998041835990927,1.133885624554694
A,151,ASP,VAL,0.9994238600591591,1.945012852641908
A,152,VAL,ASN,0.9993809161451004,2.0162054171356854
A,153,ASN,LYS,0.9999230933132587,0.7105955189293712
A,154,LYS,LYS,0.9976943882528546,3.8914745677307705
A,155,LYS,ASP,0.9962250683448705,4.9799948174944575
A,156,ASP,LYS,0.9999726054386769,0.4241024651512493
A,157,LYS,ALA,0.999392556403752,1.997158788688998
A,158,ALA,ASP,0.9997986773395022,1.1497177786535353
A,159,ASP,HIS,0.9996533627770066,1.5086474903683913
A,160,HIS,THR,0.9979734471513504,3.6482951663852585
A,161,THR,LYS,0.9970594614838816,4.394986500523178
A,162,LYS,ASP,0.9759565055837398,12.589556990646953
A,163,ASP,ILE,0.9997410175644347,1.3040137145706858
A,164,ILE,ARG,0.9983970790697819,3.244529362559439
A,165,ARG,MET,0.971285704301081,13.763580707619338
A,166,MET,PRO,0.9941814379019284,6.183811930757363
A,167,PRO,THR,0.9994482724695882,1.9033555707314127
A,168,THR,ALA,0.999154159804499,2.3567439819022837
A,169,ALA,ASP,0.9981000354405482,3.5324755634926626
A,170,ASP,THR,0.9968360200600807,4.558994472494861
A,171,THR,CYS,0.997659443614916,3.9208653508146423
A,172,CYS,GLY,0.999267503636932,2.193142646915102
A,173,GLY,THR,0.9943281190835775,6.105295210014971
A,174,THR,CYS,0.9978605791770213,3.7485490508471444
A,175,CYS,HIS,0.9998702439397593,0.9230094590322668
A,176,HIS,LEU,0.9995476577177687,1.723405977185166
A,177,LEU,ARG,0.9997117098940291,1.375824165371902
A,178,ARG,GLU,0.9976581561860826,3.921943964545539
A,179,GLU,PHE,0.9986600078897112,2.9664515444443795
A,180,PHE,ALA,0.9981071151542578,3.5258859230695925
A,181,ALA,GLU,0.9937552305543477,6.406518722807071
A,182,GLU,ARG,0.9997537942204626,1.2714393925424834
A,183,ARG,GLU,0.9999724499675989,0.42530421251066364
A,184,GLU,SER,0.9999982781742148,0.10632424223346
A,185,SER,GLU,0.9976306070327937,3.9449542065134566
A,186,GLU,ARG,0.9945615447138086,5.978227419532033
A,187,ARG,ASP,0.9935770017332868,6.497394895749254
A,188,ASP,THR,0.999992439553688,0.2227981707125449
A,189,THR,MET,0.9990946877329314,2.438201547619053
A,190,MET,VAL,0.9989179905137641,2.665583745325156
A,191,VAL,TRP,0.999992847402305,0.21670542735950843
A,192,TRP,PRO,0.9945251380318734,5.998222318023723
A,193,PRO,ASN,0.9970072049860371,4.433885649471271
A,194,ASN,GLY,0.9989320442634702,2.6482130103436443
A,195,GLY,GLN,0.9984937404275588,3.145155111065342
A,196,GLN,TRP,0.9923937373531094,7.071294968744776
A,197,TRP,PRO,0.9883274544465777,8.762817551164192
A,198,PRO,ALA,0.999017287783907,2.5403080215453064
A,199,ALA,GLY,0.9993052827646669,2.1358306417556063
A,200,GLY,ARG,0.997945588880174,3.67329399145002
A,201,ARG,PRO,0.999555489000871,1.7084212897920268
A,202,PRO,SER,0.9991328147189191,2.3862996011597977
A,203,SER,HIS,0.9895001293172829,8.310178301177093
A,204,HIS,ALA,0.9999979916941928,0.1148292755653429
A,205,ALA,LEU,0.998335201740643,3.3065775003679145
A,206,LEU,ASP,0.9989251199683932,2.656785770656584
A,207,ASP,TYR,0.9970890689246592,4.372793792259794
A,208,TYR,THR,0.9976130023967834,3.9595884418189677
A,209,THR,ALA,0.9987073830185718,2.9135290402708716
A,210,ALA,ASN,0.9997530932039186,1.2732482516530192
A,211,ASN,ILE,0.9980753191466074,3.5553853154964834
A,212,ILE,GLU,0.996408877771993,4.857164100707393
A,213,GLU,THR,0.9876582927236357,9.010998685971673
A,214,THR,THR,0.9864158736614127,9.454669261087446
A,215,THR,VAL,0.9996609210220554,1.4921082629440876
A,216,VAL,TRP,0.9992931483322584,2.154405052330001
A,217,TRP,ALA,0.9999999907954933,0.007773881029508859
A,218,ALA,ALA,0.9963728137710173,4.881507004720953
A,219,ALA,MET,0.9945980371406737,5.958118336554854
A,220,MET,PRO,0.9999559322447001,0.5378977030227813
A,221,PRO,GLN,0.9999570420813995,0.5310810440019175
A,222,GLN,ARG,0.9896074868280027,8.267510560306501
A,223,ARG,GLU,0.99998922537128,0.2659739953436161
A,224,GLU,VAL,0.987681333475541,9.00256606895732
A,225,VAL,ALA,0.9995433261852021,1.731638425543895
A,226,ALA,GLU,0.9995313229649703,1.7542497793977305
A,227,GLU,GLY,0.9904134959894861,7.939905214699082
A,228,GLY,CYS,0.9924735393639783,7.034055584344621
A,229,CYS,THR,0.9999712509090893,0.4344609313027477
A,230,THR,MET,0.9992542776004608,2.2128563222886277
A,231,MET,CYS,0.9951699143418921,5.6336518941647915
A,232,CYS,HIS,0.9943642825756652,6.08578225318918
A,233,HIS,THR,0.9976944484351,3.8914237592466816
A,234,THR,ASN,0.9998206406303237,1.0851909322734077
A,235,ASN,GLN,0.9982748252448936,3.3660195445535313
A,236,GLN,ASN,0.993307386559554,6.6325115106222725
A,237,ASN,LYS,0.999595218723717,1.630281080449928
A,238,LYS,CYS,0.9949241927257448,5.775293539593677
A,239,CYS,ASP,0.9978192882668407,3.7845627855514112
A,240,ASP,ASN,0.9996329303394147,1.5524769504539104
A,241,ASN,CYS,0.995116515156957,5.664733067854972
A,242,CYS,HIS,0.9821713317317491,10.835387387479699
A,243,HIS,THR,0.9790129150172172,11.759156713259022
A,244,THR,ARG,0.9921877312859264,7.1665371748347795
A,245,ARG,HIS,0.9999542474324259,0.5480838707545058
A,246,HIS,GLU,0.9995852745704578,1.6501862862082892
A,247,GLU,PHE,0.99990750768284,0.7792804974547722
A,248,PHE,SER,0.9999910228437956,0.24277689134745042
A,249,SER,ALA,0.9990279669774196,2.526465227124167
A,250,ALA,ALA,0.9966565452231643,4.6865843163394745
A,251,ALA,GLU,0.9985579393249113,3.0773833580892647
A,252,GLU,SER,0.999998747390906,0.09068708779480199
A,253,SER,ARG,0.9993291354186534,2.098840058040688
A,254,ARG,LYS,0.9999989339735109,0.08366073331512211
A,255,LYS,PRO,0.99906070785677,2.4835446657432594
A,256,PRO,GLU,0.9996666409216065,1.4794688958481448
A,257,GLU,ALA,0.9999809433927948,0.3537212174531573
A,258,ALA,CYS,0.999776713830123,1.2108117411794723
A,259,CYS,ALA,0.968587553660101,14.398987967807647
A,260,ALA,THR,0.9975209682505978,4.035231309772781
A,261,THR,CYS,0.9999701510229221,0.442693797047721
A,262,CYS,HIS,0.9991004970511225,2.4303649059853543
A,263,HIS,SER,0.9997869677954504,1.1826819570029017
A,264,SER,GLY,0.9911859713168791,7.61279906524523
A,265,GLY,VAL,0.9668075461203454,14.803553008574013
A,266,VAL,ASP,0.9988362078688869,2.7645055520403394
A,267,ASP,HIS,0.9976405259872306,3.9366849381859956
A,268,HIS,ASN,0.9958824203357474,5.201250472155887
A,269,ASN,ASN,0.9979469677382157,3.672060660879288
A,270,ASN,TRP,0.9987213071769676,2.8977908203803433
A,271,TRP,GLU,0.9999086274945279,0.7745486547414515
A,272,GLU,ALA,0.9999897316036993,0.25965058933245083
A,273,ALA,TYR,0.9998344161816677,1.0426836646597908
A,274,TYR,THR,0.9998261158613879,1.0684984774505206
A,275,THR,MET,0.9998136769349267,1.1060574456991277
A,276,MET,SER,0.9974229483284621,4.114267302240216
A,277,SER,LYS,0.9938146335253338,6.375943478186464
A,278,LYS,HIS,0.9995903565555524,1.6400438555698522
A,279,HIS,GLY,0.999295658268896,2.1505761973573065
A,280,GLY,LYS,0.9981883831009601,3.449343125532993
A,281,LYS,LEU,0.9919699202108847,7.265886468333523
A,282,LEU,ALA,0.9993540092122539,2.059558700705277
A,283,ALA,GLU,0.9989163424646277,2.6676133645933406
A,284,GLU,MET,0.9998930839381529,0.8378436384501284
A,285,MET,ASN,0.9932006434579095,6.685254146664839
A,286,ASN,ARG,0.9944927249586804,6.01596817147472
A,287,ARG,ASP,0.9992845982404635,2.1673972942932123
A,288,ASP,LYS,0.9998236374188169,1.0760866323393397
A,289,LYS,TRP,0.9997994992063335,1.1473685327046161
A,290,TRP,ASN,0.9885729287809925,8.670008553413203
A,291,ASN,TRP,0.9990180088022228,2.5393757828607426
A,292,TRP,GLU,0.9998655120791797,0.9396889877441199
A,293,GLU,VAL,0.996523062345442,4.779274737960098
A,294,VAL,ARG,0.9999458575315032,0.5962228497520251
A,295,ARG,LEU,0.9955696201115296,5.395337104586727
A,296,LEU,LYS,0.9997177645704829,1.3612992665045793
A,297,LYS,ASP,0.999394755935111,1.9935393240950634
A,298,ASP,ALA,0.9964290916572447,4.843466518126898
A,299,ALA,PHE,0.9983419046817792,3.299912341480514
A,300,PHE,SER,0.9998098444731423,1.1173750990265023
A,301,SER,LYS,0.9999529974793111,0.5555202645246028
A,302,LYS,GLY,0.9999969399200718,0.14174381780773318
A,303,GLY,GLY,0.999763967723185,1.244892558085089
A,304,GLY,GLN,0.9981577209988316,3.4784200683800774
A,305,GLN,ASN,0.9998908337823362,0.8466145204137395
A,306,ASN,ALA,0.9943381892712466,6.099867824311422
A,307,ALA,PRO,0.9956521986583344,5.344781482652439
A,308,PRO,THR,0.9996375095908949,1.542762273879583
A,309,THR,CYS,0.9999785326041987,0.3754292354163659
A,310,CYS,ALA,0.9996183436839768,1.5830246254023
A,311,ALA,ALA,0.9985666896725466,3.068030213490892
A,312,ALA,CYS,0.9999680962575435,0.45767753982532916
A,313,CYS,HIS,0.9856918585520654,9.70394743408443
A,314,HIS,MET,0.9968653169333924,4.537827287962299
A,315,MET,GLU,0.9993638820252468,2.043758087555996
A,316,GLU,TYR,0.9929628812038668,6.801271042172107
A,317,TYR,GLU,0.9997611639379098,1.2522649505858887
A,318,GLU,GLY,0.9995032704096803,1.8059911801121604
A,319,GLY,GLU,0.9994917663420787,1.826786262417068
A,320,GLU,TYR,0.9980527095936547,3.576213944951425
A,321,TYR,THR,0.9750298572244867,12.830867150328503
A,322,THR,HIS,0.9997336493264448,1.3224344977463285
A,323,HIS,ASN,0.9865580292644113,9.404956420106776
A,324,ASN,ILE,0.9990697273484481,2.4715900061693787
A,325,ILE,THR,0.9820781407512297,10.8637538487187
A,326,THR,ARG,0.9659509865201744,14.994429170961967
A,327,ARG,LYS,0.9998691330635104,0.926952189435854
A,328,LYS,THR,0.9998452802882379,1.0078967706977597
A,329,THR,ARG,0.9999906633983258,0.24758959169845832
A,330,ARG,TRP,0.9999058508884571,0.7862291665568125
A,331,TRP,ALA,0.9992570573506188,2.208727645182194
A,332,ALA,ASN,0.9911736935806389,7.618107265492214
A,333,ASN,TYR,0.9981659223955799,3.4706665007748527
A,334,TYR,PRO,0.9932930146701701,6.639637075621867
A,335,PRO,PHE,0.9992443572756767,2.22752832001093
A,336,PHE,VAL,0.9995519827403355,1.7151464885461276
A,337,VAL,PRO,0.9954136911432935,5.489533037314012
A,338,PRO,GLY,0.9999661850523093,0.47118690693028237
A,339,GLY,ILE,0.9993058212311715,2.1350026578762
A,340,ILE,ALA,0.9999842423301593,0.3216504763587247
A,341,ALA,GLU,0.9994331550905495,1.9292578346453335
A,342,GLU,ASN,0.9992927986047341,2.1549380144879735
A,343,ASN,ILE,0.996616034567964,4.714907045928571
A,344,ILE,THR,0.9996231479094709,1.573029018340768
A,345,THR,SER,0.9999833219706411,0.330910540402753
A,346,SER,ASP,0.9981069917227592,3.526000915719191
A,347,ASP,TRP,0.9983222704710538,3.3193981085647226
A,348,TRP,SER,0.9993361565488892,2.0878269348983274
A,349,SER,GLU,0.9999217742134139,0.7166637385475804
A,350,GLU,ALA,0.9976666918208368,3.9147872331707276
A,351,ALA,ARG,0.9990128261321115,2.5460691159665085
A,352,ARG,LEU,0.9945548265698092,5.98192209881453
A,353,LEU,ASP,0.991600637343549,7.43130778539118
A,354,ASP,SER,0.9998943637103422,0.8328140106157093
A,355,SER,TRP,0.997426380761916,4.111525269253555
A,356,TRP,VAL,0.9969004187929629,4.512335483748672
A,357,VAL,LEU,0.9963650069409674,4.886760623259622
A,358,LEU,THR,0.9997096364939476,1.380763045914455
A,359,THR,CYS,0.9997426252373832,1.2999598076006014
A,360,CYS,THR,0.9997149007036301,1.3681887704932176
A,361,THR,GLN,0.9828830102732912,10.616289745058252
A,362,GLN,CYS,0.9988961976886289,2.6922986649193046
A,363,CYS,HIS,0.9981361722434859,3.498710392299504
A,364,HIS,SER,0.9861994644487382,9.529855749032949
A,365,SER,GLU,0.9991239466804095,2.3984717665790747
A,366,GLU,ARG,0.9999289020627167,0.6832327945256207
A,367,ARG,PHE,0.9993968655805541,1.990061589891206
A,368,PHE,ALA,0.9999505542395047,0.5697757352368285
A,369,ALA,ARG,0.9991935480716747,2.3012089973450323
A,370,ARG,SER,0.9971224336012081,4.347649298525486
A,371,SER,TYR,0.9999185375209424,0.7313401048415608
A,372,TYR,LEU,0.9990562544942335,2.4894261065956114
A,373,LEU,ASP,0.9884157171241544,8.729559906511465
A,374,ASP,LEU,0.9980880502344975,3.5436032310733263
A,375,LEU,MET,0.9992643449657499,2.197866774262418
A,376,MET,ASP,0.9996900809166647,1.4265040422490607
A,377,ASP,LYS,0.9986960630939298,2.926261418572175
A,378,LYS,GLY,0.9973462711979374,4.1750529489613974
A,379,GLY,THR,0.9984121379016773,3.2292487847739517
A,380,THR,LEU,0.9980036735385853,3.62097634652508
A,381,LEU,GLU,0.9984447076017502,3.195949872105855
A,382,GLU,GLY,0.9964567580102096,4.824656015727112
A,383,GLY,LEU,0.998634583079098,2.9944681555311217
A,384,LEU,ALA,0.9998199783427599,1.087192689268042
A,385,ALA,LYS,0.9987506648037167,2.8643253267267585
A,386,LYS,TYR,0.9957924861602202,5.257784713753057
A,387,TYR,GLN,0.9982826840573813,3.3583418573183805
A,388,GLN,GLU,0.9976808482513115,3.902888840740728
A,389,GLU,ALA,0.9992059598189897,2.2834295213901497
A,390,ALA,ASN,0.9999877098409103,0.2840644115196772
A,391,ASN,ALA,0.9979745192355105,3.6473297046196853
A,392,ALA,ILE,0.9992018759397603,2.2892947966389925
A,393,ILE,VAL,0.9974865076382328,4.063192735977935
A,394,VAL,HIS,0.9985694787792454,3.0650429770255223
A,395,HIS,LYS,0.9969874788491854,4.448481304000838
A,396,LYS,MET,0.9994896299255386,1.8306221111729493
A,397,MET,TYR,0.998048424884633,3.580147512968152
A,398,TYR,GLU,0.9987536463931173,2.860904659271704
A,399,GLU,ASP,0.9986645990511795,2.9613641331683085
A,400,ASP,GLY,0.9998927220891527,0.8392602741095858
A,401,GLY,THR,0.9968413646935481,4.555140259360599
A,402,THR,LEU,0.9948232149029262,5.8325064896692576
A,403,LEU,THR,0.9985988718402456,3.0333832378866425
A,404,THR,GLY,0.9997005799871996,1.4021319304111963
A,405,GLY,GLN,0.9981012467484887,3.5313489757965537
A,406,GLN,LYS,0.998254350133986,3.3859410865116057
A,407,LYS,THR,0.9981388494487546,3.496195932081824
A,408,THR,ASN,0.9947559076349012,5.870333425796715
A,409,ASN,ARG,0.9999385966084459,0.6349448899591366
A,410,ARG,PRO,0.998593781916313,3.038889267823524
A,411,PRO,ASN,0.9995471984936978,1.7242806339223857
A,412,ASN,PRO,0.9971205138809774,4.349099983930058
A,413,PRO,PRO,0.9999666389258334,0.4680140063336134
A,414,PRO,GLU,0.9999842113898201,0.3219661042621192
A,415,GLU,PRO,0.9965520383112028,4.759306900835846
A,416,PRO,GLU,0.999994163779313,0.195750867009171
A,417,GLU,LYS,0.9998378911784408,1.0316843002793892
A,418,LYS,PRO,0.998467339440892,3.1726057386837336
A,419,PRO,GLY,0.99987620081673,0.9015732147237052
A,420,GLY,PHE,0.9999722053284344,0.4271883589244404
A,421,PHE,GLY,0.9992792224357406,2.1755263579030655
A,422,GLY,ILE,0.9999908001842558,0.24576924075947007
A,423,ILE,PHE,0.9985719968002459,3.0623435828615584
A,424,PHE,THR,0.9999830666784022,0.33343356925373224
A,425,THR,GLN,0.9986283138891647,3.001336268203904
A,426,GLN,LEU,0.9959540255915107,5.155796096891936
A,427,LEU,PHE,0.999999891430113,0.026698835960138854
A,428,PHE,TRP,0.9972787501496744,4.227857819590906
A,429,TRP,SER,0.9981339191313959,3.500825141810255
A,430,SER,LYS,0.9957781534635151,5.266738597990641
A,431,LYS,GLY,0.9970951529095371,4.368219511142263
A,432,GLY,ASN,0.9991639725840842,2.3430316302387717
A,433,ASN,ASN,0.9886575213469535,8.637796532473146
A,434,ASN,PRO,0.9999639808799113,0.48630135923167495
A,435,PRO,ALA,0.98001356232529,11.47443540548248
A,436,ALA,SER,0.9986450661586034,2.982948285101206
A,437,SER,LEU,0.9965789214159154,4.740706252838574
A,438,LEU,GLU,0.9999948725935067,0.18347913766729537
A,439,GLU,LEU,0.9994858541306837,1.8373818205431898
A,440,LEU,LYS,0.9993295026676547,2.0982654349086802
A,441,LYS,VAL,0.999629505125757,1.5597038413938447
A,442,VAL,LEU,0.9982388695779343,3.40092573028417
A,443,LEU,GLU,0.9998644576970754,0.9433654486962063
A,444,GLU,MET,0.9957791404026863,5.26612252666583
A,445,MET,ALA,0.998558509343222,3.0767749370928312
A,446,ALA,GLU,0.9942441180345868,6.150382166914204
A,447,GLU,ASN,0.9963668070739443,4.88554972087847
A,448,ASN,ASN,0.980385726394128,11.366746527407665
A,449,ASN,LEU,0.9954056478672687,5.494348273933889
A,450,LEU,ALA,0.9989952385514113,2.568653253679454
A,451,ALA,LYS,0.9996481942885995,1.519853773909334
A,452,LYS,MET,0.9976024430884521,3.968340244311326
A,453,MET,HIS,0.9983694318590293,3.272398134419509
A,454,HIS,VAL,0.9997153221402366,1.367177113389724
A,455,VAL,GLY,0.9936317370893396,6.4696214094847955
A,456,GLY,LEU,0.9961537634689852,5.026838384458102
A,457,LEU,ALA,0.9977073016334392,3.8805573077238673
A,458,ALA,HIS,0.9943734423897045,6.080829935281632
A,459,HIS,VAL,0.9868790121327031,9.291736985109084
A,460,VAL,ASN,0.9927786368620442,6.889836550740893
A,461,ASN,PRO,0.9918445816301132,7.32244889821849
A,462,PRO,GLY,0.9979046108081873,3.7097602528146782
A,463,GLY,GLY,0.998788802820188,2.8202583916153636
A,464,GLY,TRP,0.9901945853760217,8.030195545027732
A,465,TRP,THR,0.9997657878105162,1.240083285921331
A,466,THR,TYR,0.9947832863490642,5.854975869901143
A,467,TYR,THR,0.9684995332182602,14.419254473229918
A,468,THR,GLU,0.9971109563187295,4.356315223029431
A,469,GLU,GLY,0.9969922276018914,4.444972004335656
A,470,GLY,TRP,0.9910017816399824,7.6920498334826615
A,471,TRP,GLY,0.9985779623695608,3.055938806052967
A,472,GLY,PRO,0.9997658987711698,1.239789487968111
A,473,PRO,MET,0.9971631966943763,4.316730771681095
A,474,MET,ASN,0.9924123578063054,7.062623260481607
A,475,ASN,ARG,0.999477317872933,1.852573184448878
A,476,ARG,ALA,0.9994905590199283,1.8289549483129457
A,477,ALA,TYR,0.9964453080925405,4.832449736256736
A,478,TYR,VAL,0.9995936518255765,1.6334336345866134
A,479,VAL,GLU,0.9992533669340339,2.214207233695123
A,480,GLU,ILE,0.9948675980880997,5.8074286414467355
A,481,ILE,GLN,0.9999639416204589,0.48656631351421015
A,482,GLN,ASP,0.9999947396752494,0.1858420976747213
A,483,ASP,GLU,0.9999753940113131,0.401937873749147
A,484,GLU,TYR,0.9988358817353502,2.7648929536094053
A,485,TYR,THR,0.9987108780333754,2.909586684736396
A,486,THR,LYS,0.9994411681894236,1.9155717204283975
A,487,LYS,MET,0.9992180570833695,2.2659663628580247
A,488,MET,GLN,0.9975714497878523,3.993917642895908
A,489,GLN,GLU,0.9997619968084605,1.2500795040220054
A,490,GLU,LEU,0.993319212366249,6.626642569787437
A,491,LEU,SER,0.9977784393823805,3.819857377687317
A,492,SER,ALA,0.993748534962692,6.409955896404209
A,493,ALA,LEU,0.9958558407872433,5.2180224402696185
A,494,LEU,GLN,0.998775306103372,2.8359315231704105
A,495,GLN,ALA,0.998272831820214,3.3679642463445596
A,496,ALA,ARG,0.9994453029461785,1.9084713163474132
A,497,ARG,VAL,0.9955654918356892,5.397852095990033
A,498,VAL,ASN,0.9962092313841163,4.990436758882947
A,499,ASN,LYS,0.9965283045638138,4.775668406599997
A,500,LYS,LEU,0.9970695753157772,4.38741812286345
A,501,LEU,GLU,0.9990575933310365,2.487659400307422
A,502,GLU,GLY,0.9917318905486383,7.372935358124264
A,503,GLY,LYS,0.9903357705451502,7.972079630590454
B,2,SER,LEU,0.9989060933861544,2.680200920696912
B,3,LEU,ALA,0.9989475876333899,2.6288674978707505
B,4,ALA,PRO,0.9970232444203074,4.4219823992986775
B,5,PRO,ILE,0.9942559694257905,6.144040988859266
B,6,ILE,SER,0.9999914673179348,0.23669044214556528
B,7,SER,ALA,0.9983028090648876,3.3386002724965973
B,8,ALA,LYS,0.9989708989973577,2.5995841619020426
B,9,LYS,ASP,0.9989782548242291,2.5902752343978515
B,10,ASP,MET,0.9949713129566408,5.748401535813163
B,11,MET,LEU,0.996821403473725,4.569518467003154
B,12,LEU,ASP,0.9999259874184012,0.6970967939091643
B,13,ASP,TYR,0.9952748438234745,5.57207394815452
B,14,TYR,LEU,0.9985891333333653,3.043909183164722
B,15,LEU,ALA,0.9999966708100253,0.14784513555413276
B,16,ALA,CYS,0.9979998926343241,3.6244048067102
B,17,CYS,LYS,0.99920647589444,2.2826872608404383
B,18,LYS,ASP,0.99691482720639,4.501830052535853
B,19,ASP,LYS,0.9999566034056797,0.5337858106285184
B,20,LYS,LYS,0.9998081060942124,1.1224710960706246
B,21,LYS,PRO,0.9987557320490755,2.8585094320459477
B,22,PRO,THR,0.9999877208055012,0.2839376698149698
B,23,THR,ASP,0.9994794064000432,1.8488679127536227
B,24,ASP,VAL,0.999995838058902,0.16530490701827813
B,25,VAL,VAL,0.999421466397628,1.9490494802944007
B,26,VAL,LYS,0.995336725837325,5.535438357414228
B,27,LYS,SER,0.9786188573911387,11.869432251920204
B,28,SER,HIS,0.9974586839516338,4.0856295496833726
B,29,HIS,THR,0.9829194979982037,10.604936060959233
B,30,THR,GLU,0.9770846228653026,12.28949327595055
B,31,GLU,VAL,0.9975184903543258,4.037248332019318
B,32,VAL,GLU,0.9980559006194446,3.57328162085193
B,33,GLU,ASN,0.9997800260521289,1.2017972786578328
B,34,ASN,GLY,0.9999958464399337,0.16513838318283797
B,35,GLY,LYS,0.9999442824388048,0.604833303106536
B,36,LYS,ILE,0.994314571146726,6.112589374736837
B,37,ILE,VAL,0.9999972068875614,0.13541972912437228
B,38,VAL,ARG,0.9960694129584836,5.08169615996706
B,39,ARG,VAL,0.9964593851510251,4.822866003470804
B,40,VAL,LYS,0.9923442411410085,7.094294513853752
B,41,LYS,CYS,0.9922351171996484,7.144741232237282
B,42,CYS,GLY,0.9987543365022468,2.8601123399886257
B,43,GLY,ASP,0.9999836304890044,0.3278355723657389
B,44,ASP,ILE,0.9982906588742266,3.3505328752761048
B,45,ILE,VAL,0.9995358659572543,1.745726245026449
B,46,VAL,ALA,0.998458837702613,3.181395119736938
B,47,ALA,LEU,0.9999873007253672,0.2887536931106213
B,48,LEU,VAL,0.9992582718396239,2.20692137886148
B,49,VAL,GLN,0.9999369073203147,0.6436198062787164
B,50,GLN,LYS,0.9999844367885288,0.3196596376405041
B,51,LYS,ALA,0.9977181748225272,3.871341032737969
B,52,ALA,ARG,0.9999893072660756,0.26496127031154637
B,53,ARG,GLU,0.9999945402878961,0.18933142302875783
C,1,ASP,ILE,0.9905046076322158,7.902023873180379
C,2,ILE,SER,0.9922036348522398,7.159229423405314
C,3,SER,THR,0.9944623676340931,6.032541354191514
C,4,THR,VAL,0.9999999911327047,0.007630152488727134
C,5,VAL,PRO,0.999961183775391,0.5048306112062254
C,6,PRO,ASP,0.999958067133292,0.5247064763769294
C,7,ASP,GLU,0.9997764764302511,1.2114552671370464
C,8,GLU,THR,0.9936743933988016,6.4478944120434125
C,9,THR,TYR,0.9975892542651718,3.9792444585675644
C,10,TYR,ASP,0.9976718378139801,3.9104662393837613
C,11,ASP,ALA,0.9996491872903102,1.5177071739449273
C,12,ALA,LEU,0.9989886150183386,2.5771072366653756
C,13,LEU,LYS,0.9979428322398081,3.6757584514528716
C,14,LYS,LEU,0.9990324024053354,2.520693520494909
C,15,LEU,ASP,0.9955163568187592,5.427696481910407
C,16,ASP,ARG,0.9996984411679231,1.4071311296428224
C,17,ARG,GLY,0.9990514617676538,2.495740261845688
C,18,GLY,LYS,0.9967114372493343,4.647932215287287
C,19,LYS,ALA,0.9997208238477419,1.3539009504867352
C,20,ALA,THR,0.9998646837365305,0.9425784928997318
C,21,THR,PRO,0.9955231707391279,5.423567516501872
C,22,PRO,LYS,0.9988401876611375,2.7597737314503186
C,23,LYS,GLU,0.9996096988580261,1.6008537869975115
C,24,GLU,THR,0.9998442661782118,1.0111945898710653
C,25,THR,TYR,0.9972277933117762,4.267276796675486
C,26,TYR,GLU,0.999984472368483,0.3192940314612279
C,27,GLU,ALA,0.9972419947385288,4.256327543311856
C,28,ALA,LEU,0.998735681150948,2.8814540900736834
C,29,LEU,VAL,0.9991197765518253,2.404174345051017
C,30,VAL,LYS,0.999562396738993,1.695093832583416
C,31,LYS,ARG,0.9949990867901827,5.732491827289631
C,32,ARG,TYR,0.9979891255082043,3.634150558074258
C,33,TYR,LYS,0.9988298584638742,2.7720380417830164
C,34,LYS,ASP,0.9998624095874981,0.9504662414940084
C,35,ASP,PRO,0.9984290985281464,3.2119514546975263
C,36,PRO,ALA,0.9997638169201012,1.2452901966006722
C,37,ALA,HIS,0.9997681283424514,1.2338712801547562
C,38,HIS,GLY,0.9906624681171895,7.8359597338526035
C,39,GLY,ALA,0.9989166444653251,2.667241557658253
C,40,ALA,GLY,0.9978391548935586,3.767278120353764
C,41,GLY,LYS,0.998966639736063,2.6049591343242127
C,42,LYS,GLY,0.9995309493211045,1.7549489658975326
C,43,GLY,THR,0.9993321729567916,2.0940825770283027
C,44,THR,MET,0.9960720801231109,5.079970602313182
C,45,MET,GLY,0.9998296910294304,1.0574566094957838
C,46,GLY,ASP,0.9996236402702685,1.5720010293774225
C,47,ASP,TYR,0.9981474960749004,3.488062561558296
C,48,TYR,TRP,0.9997550699635062,1.2681409261136478
C,49,TRP,GLU,0.9978092409992616,3.793274317684586
C,50,GLU,PRO,0.9984775774942295,3.161988904555831
C,51,PRO,ILE,0.9752392945759236,12.776719272149347
C,52,ILE,ALA,0.9949547297234953,5.757880033433589
C,53,ALA,ILE,0.9977706762340718,3.826528198618598
C,54,ILE,SER,0.9953498470512655,5.527639191085134
C,55,SER,ILE,0.9980509090693305,3.5778674386143554
C,56,ILE,TYR,0.9977786971722556,3.819635661026574
C,57,TYR,MET,0.9997555370057248,1.2669312293978487
C,58,MET,ASP,0.9922667194978704,7.130168385808226
C,59,ASP,PRO,0.9974135726423308,4.121747880184536
C,60,PRO,ASN,0.9998973036471399,0.8211431176419957
C,61,ASN,THR,0.9999874819781644,0.2866856372686009
C,62,THR,PHE,0.974791928733192,12.892109795301783
C,63,PHE,TYR,0.9850220681078685,9.929036793884036
C,64,TYR,LYS,0.9711803886507522,13.788920310536017
C,65,LYS,PRO,0.9986100660373722,3.0212386362168395
C,66,PRO,PRO,0.999364500492869,2.042764215656074
C,67,PRO,VAL,0.9984577961098261,3.182470285682394
C,68,VAL,SER,0.991139537394439,7.6328551674511695
C,69,SER,PRO,0.9994527942326374,1.8955391963734216
C,70,PRO,LYS,0.9966064733746366,4.7215669591733365
C,71,LYS,GLU,0.9905046020352055,7.9020262057822706
C,72,GLU,VAL,0.9869588152294025,9.263375373734618
C,73,VAL,ALA,0.9819810976189491,10.893215298972045
C,74,ALA,GLU,0.9965499188728996,4.7607702746164415
C,75,GLU,ARG,0.9987786042891961,2.8321094895625456
C,76,ARG,LYS,0.9987747706610636,2.8365515237853582
C,77,LYS,ASP,0.9999791111575459,0.3703356947222908
C,78,ASP,CYS,0.9998767428934352,0.8995971594284582
C,79,CYS,VAL,0.9997230510675452,1.3484892901228709
C,80,VAL,GLU,0.9899005498105333,8.149907619735842
C,81,GLU,CYS,0.999996216531673,0.157609655039745
C,82,CYS,HIS,0.9999961558944341,0.15886763198857887
C,83,HIS,SER,0.9858620149120036,9.64593635421162
C,84,SER,ASP,0.996862742346194,4.53969139147759
C,85,ASP,GLU,0.9978951491188047,3.7181294283065607
C,86,GLU,THR,0.9960581527779722,5.0889746512308704
C,87,THR,PRO,0.9910687943447198,7.663310751863809
C,88,PRO,VAL,0.9983958429292702,3.2457805140298293
C,89,VAL,TRP,0.9934346781374687,6.569064630023709
C,90,TRP,VAL,0.9973616653551258,4.162920346534319
C,91,VAL,ARG,0.9999341960139989,0.6573037537151222
C,92,ARG,ALA,0.9996552577564355,1.5045179013011492
C,93,ALA,TRP,0.9966524787157095,4.689435091874465
C,94,TRP,LYS,0.9998251489574976,1.071465203252912
C,95,LYS,ARG,0.9999503901821002,0.5707201973179268
C,96,ARG,SER,0.9982360371465913,3.403660294981667
C,97,SER,THR,0.9997006355623042,1.4020017935964622
C,98,THR,HIS,0.9998370987819071,1.034202758660537
C,99,HIS,ALA,0.999904007089222,0.7938906459116924
C,100,ALA,ASN,0.9999806391324111,0.3565338249122605
C,101,ASN,LEU,0.9992101854002363,2.2773448406680616
C,102,LEU,ASP,0.9969595890229859,4.469036211790586
C,103,ASP,LYS,0.9953685867375087,5.516481380432569
C,104,LYS,ILE,0.9999981932434128,0.10891495566298597
C,105,ILE,ARG,0.9987919066292082,2.8166417533466386
C,106,ARG,ASN,0.9985498048086335,3.08605284723091
C,107,ASN,LEU,0.9996296917732471,1.5593108947227858
C,108,LEU,LYS,0.9988103945199105,2.7950023088099027
C,109,LYS,SER,0.9855245762017277,9.760645794844525
C,110,SER,ASP,0.9964758227468542,4.811651103749606
C,111,ASP,ASP,0.9942244613087305,6.160885314576123
C,112,ASP,PRO,0.9989922819885253,2.572430309651884
C,113,PRO,LEU,0.9998215056494392,1.0825708476782454
C,114,LEU,TYR,0.9953037717616795,5.554977916138768
C,115,TYR,TYR,0.9999713715429228,0.4335484496859108
C,116,TYR,LYS,0.9999856524977604,0.30692078485332397
C,117,LYS,LYS,0.9961234459102378,5.046624029634269
C,118,LYS,GLY,0.9967697392847907,4.6065245969111235
C,119,GLY,LYS,0.9983365286990938,3.3052590873715144
C,120,LYS,LEU,0.9951885918847955,5.622740142998355
C,121,LEU,GLU,0.9986733371586046,2.951657336539644
C,122,GLU,GLU,0.9969841650789488,4.45092852449242
C,123,GLU,VAL,0.9968707474945112,4.533892837753593
C,124,VAL,GLU,0.9993851358371276,2.0093217067930196
C,125,GLU,ASN,0.9940563685798159,6.249984023068239
C,126,ASN,ASN,0.9999956403298931,0.1691860698178769
C,127,ASN,LEU,0.9993324885622967,2.0935876467462493
C,128,LEU,ARG,0.9984917713141259,3.147210766405416
C,129,ARG,SER,0.9998021778156816,1.139678318939828
C,130,SER,MET,0.9989767160358632,2.592225361209875
C,131,MET,GLY,0.9992606198538462,2.203425064269751
C,132,GLY,LYS,0.9999999985100722,0.0031276651358207726
C,133,LYS,LEU,0.9999911757810783,0.24069999797964703
C,134,LEU,GLY,0.9979590061158116,3.6612752145444163
C,135,GLY,GLU,0.9989003626415701,2.687213535695435
C,136,GLU,LYS,0.9982855277867034,3.3555593451578107
C,137,LYS,GLU,0.9970548474311679,4.398434968808497
C,138,GLU,THR,0.9977490422768109,3.845057138435344
C,139,THR,LEU,0.9930899030622837,6.739537627339771
C,140,LEU,LYS,0.9927139396037923,6.920668674052901
C,141,LYS,GLU,0.9991873355855427,2.310056847317161
C,142,GLU,VAL,0.9825457940193599,10.720656933608758
C,143,VAL,GLY,0.9976363446003826,3.940173003883905
C,144,GLY,CYS,0.999843866444825,1.0124915454507415
C,145,CYS,ILE,0.996664916076005,4.680710578474311
C,146,ILE,ASP,0.9999605239595151,0.5091032292519097
C,147,ASP,CYS,0.9994446118469347,1.9096599422356906
C,148,CYS,HIS,0.9890717910672615,8.478293071629514
C,149,HIS,VAL,0.9984321705215331,3.208808512640832
C,150,VAL,ASP,0.9995095512095592,1.794536167674085
C,151,ASP,VAL,0.9990804805216227,2.457261527377946
C,152,VAL,ASN,0.9994301327971417,1.9343946755284984
C,153,ASN,LYS,0.9999833196193785,0.33093386547050335
C,154,LYS,LYS,0.9999294479029113,0.6806050187826024
C,155,LYS,ASP,0.9996788926920509,1.4520258464475637
C,156,ASP,LYS,0.9929198210755008,6.82207233885502
C,157,LYS,ALA,0.9995236685958363,1.7685179751818552
C,158,ALA,ASP,0.9990111493896522,2.5482308396063633
C,159,ASP,HIS,0.9994373205191848,1.9221555742824314
C,160,HIS,THR,0.9994663553892487,1.8719015732972064
C,161,THR,LYS,0.9906560780161194,7.8386447169888225
C,162,LYS,ASP,0.9894810581719203,8.317735127098878
C,163,ASP,ILE,0.9999002479890612,0.8092860796060927
C,164,ILE,ARG,0.9986900576429689,2.932993784721871
C,165,ARG,MET,0.9698758386294226,14.09910076002296
C,166,MET,PRO,0.9983426740834642,3.299146416085301
C,167,PRO,THR,0.9999229846388854,0.7110974080058792
C,168,THR,ALA,0.9995385167857426,1.7407335016978855
C,169,ALA,ASP,0.9977728994987629,3.824618949444685
C,170,ASP,THR,0.9970013027828013,4.438257797398942
C,171,THR,CYS,0.9976252438171489,3.9494182302135843
C,172,CYS,GLY,0.9993674451007759,2.038025612876976
C,173,GLY,THR,0.9954856937085848,5.446238487622021
C,174,THR,CYS,0.9993202885990714,2.112635192934513
C,175,CYS,HIS,0.9993344282593873,2.0905432558227255
C,176,HIS,LEU,0.9987240651297643,2.8946634130955484
C,177,LEU,ARG,0.9998291519175593,1.0591290204634556
C,178,ARG,GLU,0.998646601594797,2.9812572581485757
C,179,GLU,PHE,0.9991594789581233,2.3493209390640346
C,180,PHE,ALA,0.9981815142457214,3.455878115021618
C,181,ALA,GLU,0.9950901879783449,5.6799944962346105
C,182,GLU,ARG,0.9995853366741791,1.650062718151936
C,183,ARG,GLU,0.9991265502947975,2.3949044877013543
C,184,GLU,SER,0.9985784177128337,3.0554493877453766
C,185,SER,GLU,0.9972261866751929,4.268513743007483
C,186,GLU,ARG,0.9967785931866345,4.600203798039464
C,187,ARG,ASP,0.9905602417321477,7.878803983434468
C,188,ASP,THR,0.9999999300383531,0.02143224400033302
C,189,THR,MET,0.9999999998293535,0.0010584889264939718
C,190,MET,VAL,0.9979664487434338,3.654591300690176
C,191,VAL,TRP,0.9999957833848042,0.1663871441443262
C,192,TRP,PRO,0.9989342166487771,2.645517724975415
C,193,PRO,ASN,0.9994344152858909,1.927111900237418
C,194,ASN,GLY,0.9987403258586883,2.8761553306893815
C,195,GLY,GLN,0.9999995232705705,0.05594659100802111
C,196,GLN,TRP,0.9846026101948482,10.067462310801286
C,197,TRP,PRO,0.9945973108905325,5.958519194794619
C,198,PRO,ALA,0.9984578053186101,3.182460781665999
C,199,ALA,GLY,0.9999922042933275,0.22623805435206626
C,200,GLY,ARG,0.9987533651350373,2.8612275108279697
C,201,ARG,PRO,0.9992110735274476,2.276063902713532
C,202,PRO,SER,0.9997259177603472,1.3414917227362748
C,203,SER,HIS,0.9965721267929452,4.745414379310411
C,204,HIS,ALA,0.9999996800955658,0.04582977992238516
C,205,ALA,LEU,0.999961766600677,0.5010262386047999
C,206,LEU,ASP,0.999481748214904,1.8447044334381548
C,207,ASP,TYR,0.9992331825226225,2.2439407611647146
C,208,TYR,THR,0.9977987687148719,3.8023331504261777
C,209,THR,ALA,0.9979206663582987,3.6955152823769186
C,210,ALA,ASN,0.9988754114960096,2.717535078015092
C,211,ASN,ILE,0.9990901981034923,2.444240756455561
C,212,ILE,GLU,0.99508964255885,5.68031023474771
C,213,GLU,THR,0.9883878577765122,8.740070955228944
C,214,THR,THR,0.9951243740141138,5.660169469909603
C,215,THR,VAL,0.9994326518539675,1.9301141089970486
C,216,VAL,TRP,0.9975373766790436,4.0218492662995295
C,217,TRP,ALA,0.999943267642858,0.6103164806697364
C,218,ALA,ALA,0.9918970641547746,7.298817792815052
C,219,ALA,MET,0.9924247946821502,7.056825392919972
C,220,MET,PRO,0.9999899338164266,0.257081258730391
C,221,PRO,GLN,0.9998345680776097,1.0422052962822477
C,222,GLN,ARG,0.9983048383100458,3.3366032134138996
C,223,ARG,GLU,0.999974316980882,0.4106403271717596
C,224,GLU,VAL,0.9916952858252219,7.389260739164766
C,225,VAL,ALA,0.9996857214137992,1.4365025471676114
C,226,ALA,GLU,0.9998948632187018,0.8308426340985656
C,227,GLU,GLY,0.9870563857745273,9.228581908939447
C,228,GLY,CYS,0.9939070214718025,6.328098245062502
C,229,CYS,THR,0.9996193469331246,1.5809424980925042
C,230,THR,MET,0.9999637117475588,0.48811479395454715
C,231,MET,CYS,0.9949034923927667,5.787068059724824
C,232,CYS,HIS,0.9960871301988783,5.07022277817443
C,233,HIS,THR,0.9980881749428844,3.5434876252212315
C,234,THR,ASN,0.9982820160043925,3.3589951951196246
C,235,ASN,GLN,0.9917789993407676,7.3518722030314425
C,236,GLN,ASN,0.9926206907330176,6.964868391706285
C,237,ASN,LYS,0.9999193437001302,0.7277122684230117
C,238,LYS,CYS,0.9922750655931022,7.126314781520461
C,239,CYS,ASP,0.991068473241842,7.663448715542677
C,240,ASP,ASN,0.9997369818402759,1.314135105330262
C,241,ASN,CYS,0.9917295624321253,7.373974747694937
C,242,CYS,HIS,0.9771922209793088,12.26049608361705
C,243,HIS,THR,0.9775204349189331,12.171623749329559
C,244,THR,ARG,0.987923728639425,8.913373136797388
C,245,ARG,HIS,0.9997500571266028,1.2810528751617765
C,246,HIS,GLU,0.9973253295890131,4.191501384310343
C,247,GLU,PHE,0.9981500826739544,3.4856258173415857
C,248,PHE,SER,0.9991532110634821,2.358065524990099
C,249,SER,ALA,0.999321679950214,2.1104715865209127
C,250,ALA,ALA,0.9978122941866757,3.790629151188118
C,251,ALA,GLU,0.9983357987206359,3.3059844298448566
C,252,GLU,SER,0.9995899726914588,1.640812145103807
C,253,SER,ARG,0.9998496943550298,0.9934150059163093
C,254,ARG,LYS,0.9993921648975966,1.9978023490303936
C,255,LYS,PRO,0.9999963476273588,0.15485502509042923
C,256,PRO,GLU,0.9998127109813257,1.1089208922908342
C,257,GLU,ALA,0.9986690885755547,2.9563808863296894
C,258,ALA,CYS,0.9999724099543343,0.42561295468045923
C,259,CYS,ALA,0.9774124503957415,12.200933695192276
C,260,ALA,THR,0.9979161896658475,3.6994926465803575
C,261,THR,CYS,0.9998156583670189,1.1001604218185177
C,262,CYS,HIS,0.9989913675815798,2.573597357447025
C,263,HIS,SER,0.9992844937945351,2.167555523259143
C,264,SER,GLY,0.9965005134244065,4.794756186096609
C,265,GLY,VAL,0.9884081934064431,8.73239976609048
C,266,VAL,ASP,0.997874311820996,3.736494696575679
C,267,ASP,HIS,0.9971596751775018,4.319410535327241
C,268,HIS,ASN,0.9985450278915068,3.0911326012429208
C,269,ASN,ASN,0.9978614858271919,3.747754397619631
C,270,ASN,TRP,0.9974222465185466,4.114827725335779
C,271,TRP,GLU,0.9997535932646966,1.2719581891612446
C,272,GLU,ALA,0.9999940655565334,0.1973912255641802
C,273,ALA,TYR,0.999999908793253,0.024470966180788027
C,274,TYR,THR,0.9991994513316526,2.2927699288447956
C,275,THR,MET,0.9996758598481006,1.4588672589369591
C,276,MET,SER,0.9991111619867242,2.4159120144697463
C,277,SER,LYS,0.9957680101864556,5.273066117573278
C,278,LYS,HIS,0.999263011957044,2.1998573874294705
C,279,HIS,GLY,0.9996369614698853,1.543928307661062
C,280,GLY,LYS,0.9982098319900577,3.428856704661773
C,281,LYS,LEU,0.9923859446558266,7.074920957291235
C,282,LEU,ALA,0.9989010983368437,2.6863143013214685
C,283,ALA,GLU,0.9971003818888518,4.364284247537329
C,284,GLU,MET,0.9992384711597615,2.2361883080176903
C,285,MET,ASN,0.9896918441351837,8.233829889003143
C,286,ASN,ARG,0.9999707758808936,0.43803559457976
C,287,ARG,ASP,0.9961805464909659,5.009294579528004
C,288,ASP,LYS,0.9986775564223251,2.9469588974821423
C,289,LYS,TRP,0.9999834388317917,0.3297491720145059
C,290,TRP,ASN,0.999244487555852,2.2273362637418237
C,291,ASN,TRP,0.996267787758578,4.951718670974888
C,292,TRP,GLU,0.9999998751791842,0.028627349693192854
C,293,GLU,VAL,0.9938498038972164,6.3577719586257135
C,294,VAL,ARG,0.9996718472553648,1.4678697740335458
C,295,ARG,LEU,0.994845681477533,5.819825651494702
C,296,LEU,LYS,0.9989093503467796,2.6762072498443756
C,297,LYS,ASP,0.9980870078277287,3.5445694047009697
C,298,ASP,ALA,0.9988745507946301,2.718575003982281
C,299,ALA,PHE,0.9984406915782337,3.2000745203826546
C,300,PHE,SER,0.998811216840056,2.7940359212930064
C,301,SER,LYS,0.9994117808335107,1.9652984272765648
C,302,LYS,GLY,0.9999367624934521,0.6443580931004014
C,303,GLY,GLY,0.9999395163641465,0.6301715091140115
C,304,GLY,GLN,0.9985983245476039,3.0339757512067034
C,305,GLN,ASN,0.9998224935195118,1.079570879139154
C,306,ASN,ALA,0.9969488470078169,4.47692799418047
C,307,ALA,PRO,0.9982277248326374,3.4116727606483686
C,308,PRO,THR,0.9987071563341827,2.9137845548478754
C,309,THR,CYS,0.9999637271206596,0.48801139026750784
C,310,CYS,ALA,0.9992406938936713,2.232922040449188
C,311,ALA,ALA,0.9999945511545292,0.1891429129322602
C,312,ALA,CYS,0.9999757047335313,0.3993919828750746
C,313,CYS,HIS,0.9861252000344837,9.55552214921781
C,314,HIS,MET,0.9989328858883683,2.6471691290643853
C,315,MET,GLU,0.9967331535321766,4.632551909240682
C,316,GLU,TYR,0.9937908396839972,6.388207878625496
C,317,TYR,GLU,0.9999655564279111,0.4755464778015886
C,318,GLU,GLY,0.999428207530196,1.937659857553429
C,319,GLY,GLU,0.999330313307643,2.0969964945108486
C,320,GLU,TYR,0.9967509400271716,4.619916770727512
C,321,TYR,THR,0.9992163518417255,2.2684361212286865
C,322,THR,HIS,0.9956905107049732,5.321163731955518
C,323,HIS,ASN,0.9953837971040086,5.507408396016152
C,324,ASN,ILE,0.9985260330504052,3.111249659457436
C,325,ILE,THR,0.9910042704176945,7.690984404393081
C,326,THR,ARG,0.9789813475442471,11.768028285409338
C,327,ARG,LYS,0.999443394819449,1.9117513194262965
C,328,LYS,THR,0.9990894065350621,2.445303986141003
C,329,THR,ARG,0.9996874760927713,1.432486586955303
C,330,ARG,TRP,0.9997632867224412,1.2466872184433897
C,331,TRP,ALA,0.9992847589151983,2.1671538597017714
C,332,ALA,ASN,0.989582087170865,8.277625021736682
C,333,ASN,TYR,0.9976541987001919,3.925257711260117
C,334,TYR,PRO,0.990811779809502,7.772959801642108
C,335,PRO,PHE,0.9966024304050585,4.724380298799967
C,336,PHE,VAL,0.9999995321832154,0.05542115175657918
C,337,VAL,PRO,0.9987438662448422,2.8721098395559417
C,338,PRO,GLY,0.9996286300171717,1.5615448784515293
C,339,GLY,ILE,0.9976571965184158,3.922747785848458
C,340,ILE,ALA,0.9999371663444341,0.6422972577341081
C,341,ALA,GLU,0.9995699271700423,1.6804446008014136
C,342,GLU,ASN,0.9990568112568216,2.488691564384005
C,343,ASN,ILE,0.991973372596899,7.2643222867751
C,344,ILE,THR,0.9994959462877497,1.819257956708901
C,345,THR,SER,0.9991992702898344,2.2930292005127506
C,346,SER,ASP,0.9987849491639167,2.8247423327327916
C,347,ASP,TRP,0.9965868780511136,4.735187008538173
C,348,TRP,SER,0.998737306633463,2.879600820851928
C,349,SER,GLU,0.9999358012408026,0.6492370128057833
C,350,GLU,ALA,0.997816318054124,3.7871402062387203
C,351,ALA,ARG,0.997197635141962,4.290436142722427
C,352,ARG,LEU,0.9903987373375178,7.9460245082953085
C,353,LEU,ASP,0.9977339687395516,3.8579147189059495
C,354,ASP,SER,0.9975678623140977,3.996867673748946
C,355,SER,TRP,0.996869641855314,4.534694151293444
C,356,TRP,VAL,0.998821684278345,2.781705314670136
C,357,VAL,LEU,0.9974585949358399,4.085701133963515
C,358,LEU,THR,0.9978108282537,3.7918994102176327
C,359,THR,CYS,0.9992533986978394,2.2141601281266055
C,360,CYS,THR,0.9978519035688089,3.7561444871464826
C,361,THR,GLN,0.9847411135682198,10.021964025750998
C,362,GLN,CYS,0.9974829888044296,4.066037124686111
C,363,CYS,HIS,0.9995904865589934,1.6397835769996523
C,364,HIS,SER,0.9885418705982502,8.68180543834048
C,365,SER,GLU,0.9992982317015549,2.1466433932384845
C,366,GLU,ARG,0.999624803321849,1.5695700473356191
C,367,ARG,PHE,0.9989508812457369,2.6247499235163394
C,368,PHE,ALA,0.9993677213512226,2.0375804923621925
C,369,ALA,ARG,0.9999368311497849,0.644008207832935
C,370,ARG,SER,0.9976134481054865,3.959218603141287
C,371,SER,TYR,0.9998716706865032,0.9179207983081565
C,372,TYR,LEU,0.9997618917287026,1.2503554431120703
C,373,LEU,ASP,0.9861846188097851,9.534991999444648
C,374,ASP,LEU,0.99939139141304,1.9990731991770878
C,375,LEU,MET,0.9989479235755259,2.6284478083933216
C,376,MET,ASP,0.9997357041051647,1.3173233947273215
C,377,ASP,LYS,0.9983997683017912,3.2418058079687926
C,378,LYS,GLY,0.9953314929809085,5.538545680266568
C,379,GLY,THR,0.9980992189143657,3.533234778484523
C,380,THR,LEU,0.9979690147293445,3.6522840638957947
C,381,LEU,GLU,0.9973650307480991,4.160263273464256
C,382,GLU,GLY,0.9953914966220512,5.502809947843196
C,383,GLY,LEU,0.9996418738995692,1.5334463248787447
C,384,LEU,ALA,0.999781415887164,1.197994538130854
C,385,ALA,LYS,0.9991177394760936,2.4069551017518664
C,386,LYS,TYR,0.9965047169957311,4.791873917681879
C,387,TYR,GLN,0.9982815137003374,3.3594863513481967
C,388,GLN,GLU,0.9969472580589286,4.478094160926051
C,389,GLU,ALA,0.9998125750405108,1.1093232783301543
C,390,ALA,ASN,0.9985813764155487,3.0522673644735256
C,391,ASN,ALA,0.9991867168965076,2.3109361331649656
C,392,ALA,ILE,0.9999186193602753,0.7309726458648595
C,393,ILE,VAL,0.9990614493162709,2.4825640871193273
C,394,VAL,HIS,0.9986600050242915,2.9664547168598396
C,395,HIS,LYS,0.9968923885516977,4.518179897241996
C,396,LYS,MET,0.9981632043719129,3.4732380247283756
C,397,MET,TYR,0.9985068298256116,3.1314561735699598
C,398,TYR,GLU,0.9999808126790796,0.3549322763222986
C,399,GLU,ASP,0.9970641060897582,4.391512467777742
C,400,ASP,GLY,0.9999343038669787,0.6567648652556022
C,401,GLY,THR,0.9901941342075893,8.030380589286453
C,402,THR,LEU,0.9982263515911703,3.4129946571289747
C,403,LEU,THR,0.9994954974073563,1.8200679062493765
C,404,THR,GLY,0.9996647141341032,1.4837385767915539
C,405,GLY,GLN,0.9989331034152188,2.6468992600092496
C,406,GLN,LYS,0.9999342615745527,0.6569762324516497
C,407,LYS,THR,0.996660254037282,4.683982787907504
C,408,THR,ASN,0.9980818879256831,3.5493110654104245
C,409,ASN,ARG,0.9995300931345957,1.7565500681146087
C,410,ARG,PRO,0.9971972503595212,4.290730822362506
C,411,PRO,ASN,0.9996952464920416,1.4145653538717602
C,412,ASN,PRO,0.998401638458718,3.2399104340313847
C,413,PRO,PRO,0.9998398950556038,1.0252878169094297
C,414,PRO,GLU,0.9990176054228258,2.5398973733013124
C,415,GLU,PRO,0.9977471665525166,3.8466594506996663
C,416,PRO,GLU,0.999550820869472,1.7173692125366509
C,417,GLU,LYS,0.9946180775209867,5.947046303819823
C,418,LYS,PRO,0.9994598804349633,1.8832246684396867
C,419,PRO,GLY,0.9999995551511274,0.05404355303139918
C,420,GLY,PHE,0.9999492190738019,0.5774172804803525
C,421,PHE,GLY,0.9972052578150871,4.284594267382691
C,422,GLY,ILE,0.999940331821035,0.6259089786682943
C,423,ILE,PHE,0.9989144999357413,2.669880665762907
C,424,PHE,THR,0.9999442398415612,0.6050644649513615
C,425,THR,GLN,0.9997343494140846,1.3206953051063182
C,426,GLN,LEU,0.998061388890569,3.568232663802117
C,427,LEU,PHE,0.9999991976018262,0.0725826173740843
C,428,PHE,TRP,0.9955264188152527,5.4215982078149585
C,429,TRP,SER,0.9974358908292487,4.103918505492581
C,430,SER,LYS,0.998125241577341,3.5089579194772917
C,431,LYS,GLY,0.9951810166478923,5.627168272854351
C,432,GLY,ASN,0.9991757958778953,2.3264024942637613
C,433,ASN,ASN,0.9841517859186233,10.21416889066831
C,434,ASN,PRO,0.9996117779346008,1.5965840611479594
C,435,PRO,ALA,0.9744497188722652,12.97969625702289
C,436,ALA,SER,0.9999011268237399,0.8057131496350283
C,437,SER,LEU,0.9991522162697987,2.359450422339463
C,438,LEU,GLU,0.9999308063796017,0.6740205872502745
C,439,GLU,LEU,0.9984677376360741,3.1721934747866074
C,440,LEU,LYS,0.9994651245970788,1.8740591890927605
C,441,LYS,VAL,0.9999104109897531,0.7669521018156923
C,442,VAL,LEU,0.989953439605754,8.128503528771162
C,443,LEU,GLU,0.9988244893335043,2.778391679272254
C,444,GLU,MET,0.9976147583363151,3.958131204397108
C,445,MET,ALA,0.9998064436947754,1.127322816943371
C,446,ALA,GLU,0.9936106670973274,6.480326649475124
C,447,GLU,ASN,0.9982965237194154,3.34477836766416
C,448,ASN,ASN,0.9819295880403028,10.908821223043981
C,449,ASN,LEU,0.9947991695215452,5.846048087244176
C,450,LEU,ALA,0.9986519670040184,2.975340614303036
C,451,ALA,LYS,0.9999617973972275,0.5008244113179822
C,452,LYS,MET,0.9962577575105264,4.9583721805986
C,453,MET,HIS,0.9998577077667896,0.9665701475158044
C,454,HIS,VAL,0.998135284679868,3.4995436034051357
C,455,VAL,GLY,0.9955277178832457,5.420810383149765
C,456,GLY,LEU,0.9990566573452551,2.4888946430539134
C,457,LEU,ALA,0.9998543686305976,0.9778457839384599
C,458,ALA,HIS,0.991555735506197,7.451172651273443
C,459,HIS,VAL,0.9787901516797951,11.821620787989913
C,460,VAL,ASN,0.99113994017684,7.632681419782506
C,461,ASN,PRO,0.9973831963076588,4.1458916979878175
C,462,PRO,GLY,0.9993758580147468,2.0244260648105863
C,463,GLY,GLY,0.999841847684289,1.0190163020017102
C,464,GLY,TRP,0.9945871275178698,5.964137142829651
C,465,TRP,THR,0.9987493990869111,2.8657762033856313
C,466,THR,TYR,0.9955145798556362,5.428772736342602
C,467,TYR,THR,0.9674307978735001,14.663140998587304
C,468,THR,GLU,0.9942472485829016,6.148707776083802
C,469,GLU,GLY,0.9993612552068228,2.047973988680971
C,470,GLY,TRP,0.9905559440052512,7.880600139871289
C,471,TRP,GLY,0.9997740388038547,1.2180433383800338
C,472,GLY,PRO,0.9986422582856229,2.9860382143389943
C,473,PRO,MET,0.9992184388189851,2.265413113779708
C,474,MET,ASN,0.9923076918571688,7.111230471858163
C,475,ASN,ARG,0.9989330455775517,2.6469710174968215
C,476,ARG,ALA,0.9998959993231218,0.8263413344472836
C,477,ALA,TYR,0.9993711970557911,2.0319717850520242
C,478,TYR,VAL,0.999993413588276,0.20795161921264682
C,479,VAL,GLU,0.9999022393105623,0.8011674497264796
C,480,GLU,ILE,0.9912647911209049,7.578633804727642
C,481,ILE,GLN,0.9999999891080351,0.008456501824675956
C,482,GLN,ASP,0.999963726660884,0.4880144831623865
C,483,ASP,GLU,0.9999618334308485,0.50058815922917
C,484,GLU,TYR,0.998735566395725,2.881584881494155
C,485,TYR,THR,0.9995200393076035,1.7752431180026833
C,486,THR,LYS,0.9973831936883402,4.145893773831236
C,487,LYS,MET,0.9997786236685556,1.205622197762401
C,488,MET,GLN,0.9934755123715326,6.548581671776746
C,489,GLN,GLU,0.9996763793768129,1.4576975977837692
C,490,GLU,LEU,0.9874720139409447,9.078889052376352
C,491,LEU,SER,0.9926719630855791,6.940600096771147
C,492,SER,ALA,0.9974980998677535,4.053808263365136
C,493,ALA,LEU,0.9981437273350471,3.4916099189329186
C,494,LEU,GLN,0.9996941097960842,1.4172011167899048
C,495,GLN,ALA,0.9969850414620618,4.450281445879106
C,496,ALA,ARG,0.9987683089867081,2.844022992040534
C,497,ARG,VAL,0.9961308892572556,5.041773574473948
C,498,VAL,ASN,0.9953863274309706,5.505897609853474
C,499,ASN,LYS,0.999400332612726,1.9843329803072947
C,500,LYS,LEU,0.9999785324228844,0.3754308208622279
C,501,LEU,GLU,0.9999886480449293,0.27300674240385586
D,1,SER,SER,0.9982334035857229,3.4062008933644297
D,2,SER,LEU,0.9992141419189127,2.2716328334549947
D,3,LEU,ALA,0.9977219480611899,3.8681376556998996
D,4,ALA,PRO,0.9945926982665099,5.96106453401836
D,5,PRO,ILE,0.9969707954677818,4.460788379276537
D,6,ILE,SER,0.9999470272597639,0.5897470362217353
D,7,SER,ALA,0.9993878772776172,2.004836852012303
D,8,ALA,LYS,0.9987608016978832,2.8526789231314993
D,9,LYS,ASP,0.9987849111324615,2.824786548984085
D,10,ASP,MET,0.9924804133297,7.0308386874880044
D,11,MET,LEU,0.9978380765814485,3.7682183218203478
D,12,LEU,ASP,0.9998961972740263,0.825554533043518
D,13,ASP,TYR,0.9974736010969312,4.073615815529451
D,14,TYR,LEU,0.9996985914643852,1.4067804123139847
D,15,LEU,ALA,0.9990819051381583,2.455356973594255
D,16,ALA,CYS,0.9987158461241589,2.90397350528955
D,17,CYS,LYS,0.996304623973829,4.927206676379434
D,18,LYS,ASP,0.9941992802422157,6.1743142705854135
D,19,ASP,LYS,0.9999964479801767,0.15271280322435893
D,20,LYS,LYS,0.9999539215690638,0.5500322306516452
D,21,LYS,PRO,0.9993356451981937,2.0886309832291508
D,22,PRO,THR,0.999652157974819,1.511267160515152
D,23,THR,ASP,0.9983202147449671,3.321431688640785
D,24,ASP,VAL,0.999889121456879,0.8532285885210003
D,25,VAL,VAL,0.9999466998713468,0.5915666575754503
D,26,VAL,LYS,0.9913291173978924,7.550637021131358
D,27,LYS,SER,0.9899165503294945,8.143438228865541
D,28,SER,HIS,0.9980977184087433,3.5346295404017125
D,29,HIS,THR,0.9861837182816381,9.535303473339122
D,30,THR,GLU,0.9822861604280896,10.800333377264236
D,31,GLU,VAL,0.9978540207997534,3.7542922812152093
D,32,VAL,GLU,0.9977213346885707,3.8686585726495957
D,33,GLU,ASN,0.9998810586700014,0.8837070713486105
D,34,ASN,GLY,0.9991859865814285,2.3119736327261524
D,35,GLY,LYS,0.9999643460371028,0.48383003488530096
D,36,LYS,ILE,0.989498063917131,8.310997032928363
D,37,ILE,VAL,0.9999937833914223,0.20202941993232423
D,38,VAL,ARG,0.9985779891491244,3.0559100246420052
D,39,ARG,VAL,0.9998908990783855,0.8463612833826303
D,40,VAL,LYS,0.9901704253325878,8.040098701392836
D,41,LYS,CYS,0.9983604826532937,3.281368405613111
D,42,CYS,GLY,0.9990979746337766,2.433770688865636
D,43,GLY,ASP,0.999898135534644,0.8178104806541671
D,44,ASP,ILE,0.9995958456054115,1.6290181042141372
D,45,ILE,VAL,0.9966054082173961,4.722308321428851
D,46,VAL,ALA,0.9968214045014188,4.569517727910218
D,47,ALA,LEU,0.9996726037396367,1.4661767792615112
D,48,LEU,VAL,0.9999601101600295,0.5117645758847333
D,49,VAL,GLN,0.9986546662317527,2.9723596228577924
D,50,GLN,LYS,0.9974528529591118,4.090316046065428
D,51,LYS,ALA,0.9998730241015883,0.913067475364858
D,52,ALA,ARG,0.997980752949594,3.64171089036023
D,53,ARG,GLU,0.9999496486179659,0.5749699536862591
D,54,GLU,GLN,0.9983257966573537,3.31590700821961
D,55,GLN,SER,0.9986367248650032,2.9921181459045343
D,56,SER,GLY,0.9999906927054895,0.2472006995000938
E,1,ASP,ILE,0.9931758603103875,6.697440557751611
E,2,ILE,SER,0.9885284641730332,8.686892712508794
E,3,SER,THR,0.9990971986609251,2.434817454402572
E,4,THR,VAL,0.9977320021864039,3.859589015747293
E,5,VAL,PRO,0.9999684923018528,0.45482791188735416
E,6,PRO,ASP,0.9995551151378477,1.7091396394534586
E,7,ASP,GLU,0.997356641590997,4.166883603746023
E,8,GLU,THR,0.9959479753321223,5.15965219305353
E,9,THR,TYR,0.9968531514875625,4.546628842081019
E,10,TYR,ASP,0.9985509737178965,3.084808561297055
E,11,ASP,ALA,0.9989777051331409,2.590972033569179
E,12,ALA,LEU,0.9972997876581325,4.211476305131994
E,13,LEU,LYS,0.9995072233605455,1.7987902371298354
E,14,LYS,LEU,0.9980316598852238,3.5954972780615924
E,15,LEU,ASP,0.9944629335898216,6.03223279309066
E,16,ASP,ARG,0.9993542671660792,2.059147409009198
E,17,ARG,GLY,0.9972224606880284,4.2713809970781575
E,18,GLY,LYS,0.9977690656247542,3.827910730381232
E,19,LYS,ALA,0.9995388431175752,1.7401178770352508
E,20,ALA,THR,0.9977780964603302,3.8201522938397496
E,21,THR,PRO,0.9918854110173646,7.304071373776502
E,22,PRO,LYS,0.9989118916025869,2.6730870321314053
E,23,LYS,GLU,0.9997587568534605,1.2585597941079933
E,24,GLU,THR,0.9999809715575102,0.3534597288084168
E,25,THR,TYR,0.9986221156023186,3.008111301987895
E,26,TYR,GLU,0.9983214410523084,3.3202187418345215
E,27,GLU,ALA,0.9972605911495863,4.241947115502729
E,28,ALA,LEU,0.9927803665459828,6.889010367887599
E,29,LEU,VAL,0.999796270173835,1.1565710332952037
E,30,VAL,LYS,0.9990823718007783,2.4547327764930444
E,31,LYS,ARG,0.99702096082954,4.423679058511363
E,32,ARG,TYR,0.9978600060763722,3.7490512705936023
E,33,TYR,LYS,0.9983735502464139,3.2682617896852753
E,34,LYS,ASP,0.9993199192846621,2.113209119676168
E,35,ASP,PRO,0.9983769762539088,3.264816855121776
E,36,PRO,ALA,0.9995925766432281,1.6355933562684657
E,37,ALA,HIS,0.9997476738354409,1.2871462798416444
E,38,HIS,GLY,0.9913853903239567,7.526060396544965
E,39,GLY,ALA,0.9994970829627494,1.8172053523155451
E,40,ALA,GLY,0.9990086182213654,2.5514906563709863
E,41,GLY,LYS,0.9984235342999259,3.217636382570651
E,42,LYS,GLY,0.9985285126514389,3.108630944109731
E,43,GLY,THR,0.9946985331073235,5.902387393251072
E,44,THR,MET,0.9999860526103636,0.30261092412169593
E,45,MET,GLY,0.9997407206823944,1.3047609546070278
E,46,GLY,ASP,0.998875009412572,2.718020937115532
E,47,ASP,TYR,0.9989364146977604,2.6427878028664202
E,48,TYR,TRP,0.9999781638608812,0.3786398738731005
E,49,TRP,GLU,0.997728973357768,3.8621663019389882
E,50,GLU,PRO,0.9971429734918245,4.332097461581
E,51,PRO,ILE,0.9729581551719994,13.354860437807524
E,52,ILE,ALA,0.9981319032357603,3.5027161613547335
E,53,ALA,ILE,0.997351216121262,4.1711595453174395
E,54,ILE,SER,0.999976510481838,0.39271323193472374
E,55,SER,ILE,0.9996684839333395,1.4753732990250987
E,56,ILE,TYR,0.9983501298599884,3.291715105185386
E,57,TYR,MET,0.9999778147411685,0.3816547598600247
E,58,MET,ASP,0.9969775913189957,4.455779278685672
E,59,ASP,PRO,0.9949503859761565,5.760360225061588
E,60,PRO,ASN,0.999827408274457,1.0645200902835428
E,61,ASN,THR,0.9999069542000714,0.7816086997885956
E,62,THR,PHE,0.9728746756599551,13.375552093680874
E,63,PHE,TYR,0.989670336813855,8.24242992712336
E,64,TYR,LYS,0.9647258746929277,15.26337966288788
E,65,LYS,PRO,0.9955453107318974,5.410129870553759
E,66,PRO,PRO,0.9999448960218734,0.6014937251120925
E,67,PRO,VAL,0.9999970172839332,0.13994058819381616
E,68,VAL,SER,0.9933369389313156,6.617835481124455
E,69,SER,PRO,0.994817173624824,5.835911691553547
E,70,PRO,LYS,0.9939067692742893,6.328229341737519
E,71,LYS,GLU,0.9916323742205344,7.4172352735798714
E,72,GLU,VAL,0.9957129284074101,5.307295569783642
E,73,VAL,ALA,0.9844638472763024,10.112842690555988
E,74,ALA,GLU,0.9872129059216672,9.172493856578031
E,75,GLU,ARG,0.9999726181152713,0.42400432849063757
E,76,ARG,LYS,0.999736890180626,1.3143640780239387
E,77,LYS,ASP,0.9992183160738249,2.265591022956749
E,78,ASP,CYS,0.9972455203945214,4.253604915065395
E,79,CYS,VAL,0.9999993500507646,0.06532469224403156
E,80,VAL,GLU,0.9915650010854232,7.44707781315451
E,81,GLU,CYS,0.9999998605494778,0.030258521793510115
E,82,CYS,HIS,0.9999835091127041,0.3290487450999952
E,83,HIS,SER,0.9994464456938283,1.9065042724033892
E,84,SER,ASP,0.9930181261329546,6.77449046868639
E,85,ASP,GLU,0.9996018781642249,1.6168139170078237
E,86,GLU,THR,0.9906188984144938,7.854248693930016
E,87,THR,PRO,0.9779727365298373,12.048093680281294
E,88,PRO,VAL,0.9961908901270762,5.002502713479092
E,89,VAL,TRP,0.9990917967804916,2.4420920130014534
E,90,TRP,VAL,0.9990538978797551,2.4925328149240165
E,91,VAL,ARG,0.9999576560335748,0.5272722691261491
E,92,ARG,ALA,0.9990669121389262,2.4753275493129587
E,93,ALA,TRP,0.9937583522955268,6.4049155530296735
E,94,TRP,LYS,0.9999927194112458,0.21863573356677163
E,95,LYS,ARG,0.997646844053351,3.9314086171635325
E,96,ARG,SER,0.9933743349493267,6.599217638718275
E,97,SER,THR,0.9988157804891131,2.7886666565225737
E,98,THR,HIS,0.9995947565739874,1.6312115457891356
E,99,HIS,ALA,0.9999960193340124,0.1616648647736982
E,100,ALA,ASN,0.9999006368372636,0.8077071543698713
E,101,ASN,LEU,0.9988838837599506,2.7072773248733495
E,102,LEU,ASP,0.9990068101405334,2.55381668412371
E,103,ASP,LYS,0.9967941907740746,4.5890475509283855
E,104,LYS,ILE,0.9998048258897163,1.1320244269766557
E,105,ILE,ARG,0.9968955232787766,4.515899339499879
E,106,ARG,ASN,0.9993178827631293,2.116371146942466
E,107,ASN,LEU,0.9999103738276433,0.7671111560835885
E,108,LEU,LYS,0.9995167538402167,1.7813092651164666
E,109,LYS,SER,0.994564507299347,5.97659740669344
E,110,SER,ASP,0.9999884788357597,0.27503390246628523
E,111,ASP,ASP,0.9975326287423619,4.02572605543054
E,112,ASP,PRO,0.9994890696643364,1.8316267082140139
E,113,PRO,LEU,0.9999756565464671,0.3997878639350505
E,114,LEU,TYR,0.9995048744236642,1.8030726737399188
E,115,TYR,TYR,0.9999974116398782,0.1303617176131262
E,116,TYR,LYS,0.9999881866603414,0.2784994894131594
E,117,LYS,LYS,0.9968659429834377,4.537373887321693
E,118,LYS,GLY,0.9955463212884967,5.4095157291918845
E,119,GLY,LYS,0.9977770400242706,3.821060695812691
E,120,LYS,LEU,0.9980770936519368,3.5537454256006193
E,121,LEU,GLU,0.9982555812408146,3.3847465733385675
E,122,GLU,GLU,0.9876208308490542,9.024692565786724
E,123,GLU,VAL,0.9977913096531698,3.808772338115292
E,124,VAL,GLU,0.9999863881679547,0.2989485241578548
E,125,GLU,ASN,0.9955426248829968,5.411761792577843
E,126,ASN,ASN,0.9963601723121099,4.890011271187681
E,127,ASN,LEU,0.9990143376901028,2.5441187815183848
E,128,LEU,ARG,0.9962771383102004,4.945507992273284
E,129,ARG,SER,0.9994104505109617,1.967519759950655
E,130,SER,MET,0.9994219944551929,1.948159692308569
E,131,MET,GLY,0.9993367381522987,2.0869120447494653
E,132,GLY,LYS,0.9994976420768326,1.816194854850964
E,133,LYS,LEU,0.9997329070506427,1.3242760020473656
E,134,LEU,GLY,0.9997628359287584,1.2478737881452715
E,135,GLY,GLU,0.9992598844771144,2.204520674333443
E,136,GLU,LYS,0.9975941886172561,3.9751683466507806
E,137,LYS,GLU,0.9988805894645487,2.7112704851846345
E,138,GLU,THR,0.9973275472063499,4.1897626243658035
E,139,THR,LEU,0.9979812272469902,3.641283023674203
E,140,LEU,LYS,0.999012818846702,2.5460785125761074
E,141,LYS,GLU,0.9999644239249021,0.48330126780474614
E,142,GLU,VAL,0.9752949756714042,12.76228548354608
E,143,VAL,GLY,0.9926135950575624,6.968220300753758
E,144,GLY,CYS,0.9987295545918542,2.8884285155313716
E,145,CYS,ILE,0.9997488378909345,1.2841737292031314
E,146,ILE,ASP,0.9978248352265654,3.7797446773464882
E,147,ASP,CYS,0.9994046059540005,1.977249271925181
E,148,CYS,HIS,0.9951617464210842,5.638417122856027
E,149,HIS,VAL,0.9975940621755549,3.9752728482274553
E,150,VAL,ASP,0.9990680824975475,2.473774437086085
E,151,ASP,VAL,0.9972893108851623,4.21964230739228
E,152,VAL,ASN,0.9999562273355493,0.5360937029336177
E,153,ASN,LYS,0.9977800843063197,3.818442411592737
E,156,ASP,LYS,0.9972589114653154,4.243247997873126
E,157,LYS,ALA,0.9996911426017014,1.4240584436138355
E,158,ALA,ASP,0.9999328113503387,0.6641834019873821
E,159,ASP,HIS,0.9986685216888248,2.9570105776272544
E,160,HIS,THR,0.9946610941316953,5.923210582249051
E,161,THR,LYS,0.9981693585498171,3.4674128268740123
E,162,LYS,ASP,0.9916442283043561,7.411972215526273
E,163,ASP,ILE,0.999972565856296,0.42440874861994954
E,164,ILE,ARG,0.998111020403836,3.5222457342789935
E,165,ARG,MET,0.9833678617559398,10.464427040396828
E,166,MET,PRO,0.9969386614084738,4.484398195676344
E,167,PRO,THR,0.9998090321829699,1.1197591854451179
E,168,THR,ALA,0.9996108325405444,1.5985269969196962
E,169,ALA,ASP,0.9984657992874885,3.174199804006901
E,170,ASP,THR,0.9969293803194869,4.491194224901433
E,171,THR,CYS,0.9979613654855621,3.659157682761892
E,172,CYS,GLY,0.999397421811386,1.989143635158757
E,173,GLY,THR,0.9984573677211074,3.1829123771543566
E,174,THR,CYS,0.9983150663334902,3.326519187803091
E,175,CYS,HIS,0.9994970272437038,1.8173060236241858
E,176,HIS,LEU,0.9983605419049678,3.2813090950217596
E,177,LEU,ARG,0.9999998321777566,0.03319421461135963
E,178,ARG,GLU,0.9966057793770743,4.7220500030097465
E,179,GLU,PHE,0.9941978765022425,6.175062023103784
E,180,PHE,ALA,0.9997543910022024,1.2698974643382315
E,181,ALA,GLU,0.9980528733153308,3.5760635549020834
E,182,GLU,ARG,0.9999916426674405,0.2342457795151964
E,183,ARG,GLU,0.9999436210636464,0.6084124742433283
E,184,GLU,SER,0.9996309808608762,1.5565942866516675
E,185,SER,GLU,0.9951706131468868,5.633244019299054
E,186,GLU,ARG,0.995393447477942,5.501644213287764
E,187,ARG,ASP,0.9926668599418385,6.943019305790513
E,188,ASP,THR,0.9985040283034722,3.1343931861489067
E,189,THR,MET,0.9999799485063046,0.3628371282378624
E,190,MET,VAL,0.9970953143202785,4.368098088390127
E,191,VAL,TRP,0.9999493769760006,0.5765188406237004
E,192,TRP,PRO,0.9962382945662286,4.97125747599218
E,193,PRO,ASN,0.9970841287410549,4.37650458901133
E,194,ASN,GLY,0.9999940593400185,0.19749458534201522
E,195,GLY,GLN,0.999246932569457,2.2237288013551684
E,196,GLN,TRP,0.9871578246429912,9.19227059138815
E,197,TRP,PRO,0.9908333795315606,7.763804044177931
E,198,PRO,ALA,0.9999677198350954,0.4603696350809325
E,199,ALA,GLY,0.9999959916675637,0.1622256944230147
E,200,GLY,ARG,0.999640958719507,1.535404528922462
E,201,ARG,PRO,0.9991277947480866,2.3931975532513374
E,202,PRO,SER,0.9996765435479023,1.4573277896665537
E,203,SER,HIS,0.9939467966071179,6.307388470611911
E,204,HIS,ALA,0.999936119159991,0.6476274546197666
E,205,ALA,LEU,0.9972423983777593,4.2560159278625
E,206,LEU,ASP,0.9989047326175974,2.6818677289968074
E,207,ASP,TYR,0.9976160684418326,3.9570436113526646
E,208,TYR,THR,0.9962646939147463,4.953771905923024
E,209,THR,ALA,0.9996808903981214,1.4475018116374636
E,210,ALA,ASN,0.999349429926291,2.0668464767461705
E,211,ASN,ILE,0.99880023022619,2.806919897440969
E,212,ILE,GLU,0.9986811323156287,2.942971028073162
E,213,GLU,THR,0.9909370894945767,7.719692831111757
E,214,THR,THR,0.9907391091816194,7.803685270791305
E,215,THR,VAL,0.9991572082551643,2.3524926386592857
E,216,VAL,TRP,0.9992930040214206,2.1546249886940023
E,217,TRP,ALA,0.9999008297083515,0.806922851611928
E,218,ALA,ALA,0.9900867360018698,8.074309509313789
E,219,ALA,MET,0.996902102562005,4.511109077542834
E,220,MET,PRO,0.9999161081128739,0.7421653057200236
E,221,PRO,GLN,0.9999425628450559,0.6140958589923443
E,222,GLN,ARG,0.9971641506334664,4.316004568157777
E,223,ARG,GLU,0.9997422684615342,1.3008605438496375
E,224,GLU,VAL,0.9922999214327466,7.114825908329193
E,225,VAL,ALA,0.9998926157237479,0.8396762392358829
E,226,ALA,GLU,0.9999994981087964,0.05740403762809024
E,227,GLU,GLY,0.9916498182800745,7.409489049607704
E,228,GLY,CYS,0.9915915346770966,7.435339129273583
E,229,CYS,THR,0.999947545039248,0.5868577062971843
E,230,THR,MET,0.9992376040982471,2.2374611472254764
E,231,MET,CYS,0.9959687099539738,5.146425123846836
E,232,CYS,HIS,0.9967868338349424,4.594313004125373
E,233,HIS,THR,0.9995403800947398,1.7372154386482923
E,234,THR,ASN,0.9999635637434272,0.48910919196213737
E,235,ASN,GLN,0.9934176603813192,6.577582199463234
E,236,GLN,ASN,0.9958031489296495,5.25111362046916
E,237,ASN,LYS,0.9961419773886765,5.0345393531368385
E,238,LYS,CYS,0.9915947103174166,7.433932964308656
E,239,CYS,ASP,0.992492289655776,7.025277319094241
E,240,ASP,ASN,0.9986419828579144,2.9863411372625435
E,241,ASN,CYS,0.9968331133541926,4.561089241350386
E,242,CYS,HIS,0.9749416826443811,12.853596690219424
E,243,HIS,THR,0.9838217810805611,10.320250475115465
E,244,THR,ARG,0.9846101180158187,10.065001213700658
E,245,ARG,HIS,0.9978637791600163,3.7457436048181685
E,246,HIS,GLU,0.9979021965850806,3.711897503186975
E,247,GLU,PHE,0.9991234813868832,2.399108718838717
E,248,PHE,SER,0.9999452603524219,0.5995019635330663
E,249,SER,ALA,0.994813120039476,5.838195409173168
E,250,ALA,ALA,0.9986272304863261,3.002521582554413
E,251,ALA,GLU,0.9960691370360532,5.081874638301255
E,252,GLU,SER,0.9992838722587506,2.168496871942306
E,253,SER,ARG,0.9979055161058079,3.708958498780429
E,254,ARG,LYS,0.9999881241013637,0.27923593114664397
E,255,LYS,PRO,0.9987902112815794,2.8186177907551313
E,256,PRO,GLU,0.9999960330012851,0.16138709478716326
E,257,GLU,ALA,0.9994221413456367,1.9479121066256064
E,258,ALA,CYS,0.9999796357055151,0.365656292572582
E,259,CYS,ALA,0.9713039890748137,13.759176614432736
E,260,ALA,THR,0.9964450817971445,4.832603644457013
E,261,THR,CYS,0.9995107251991564,1.7923869105811827
E,262,CYS,HIS,0.9965650174174391,4.750335619818738
E,263,HIS,SER,0.9999473547018055,0.5879214839251619
E,264,SER,GLY,0.9975081570997228,4.045648839620117
E,265,GLY,VAL,0.99020549059855,8.025721538432025
E,266,VAL,ASP,0.9952473615367395,5.588267325540005
E,267,ASP,HIS,0.9967941528242221,4.5890747275802966
E,268,HIS,ASN,0.9949282980980658,5.772955525952792
E,269,ASN,ASN,0.9976524084172247,3.926755863002882
E,270,ASN,TRP,0.9994156776453492,1.9587771567695114
E,271,TRP,GLU,0.999873648022396,0.9108213980936738
E,272,GLU,ALA,0.9996917577790975,1.4226394549708956
E,273,ALA,TYR,0.9999779108835943,0.3808268860440717
E,274,TYR,THR,0.998527430036667,3.1097745683197524
E,275,THR,MET,0.9995505981942434,1.7177948743872298
E,276,MET,SER,0.9973683033999975,4.157677796439061
E,277,SER,LYS,0.994927195715528,5.773583426577299
E,278,LYS,HIS,0.9979299522498263,3.6872514746037104
E,279,HIS,GLY,0.9948515695717918,5.816497670250414
E,280,GLY,LYS,0.997637323223236,3.9393569241431248
E,281,LYS,LEU,0.9944018356404289,6.065453328403932
E,282,LEU,ALA,0.9961156005517063,5.051731427236927
E,283,ALA,GLU,0.9964957463641223,4.798022732494653
E,284,GLU,MET,0.999667294245074,1.4780183587108342
E,285,MET,ASN,0.990947393335838,7.7152965838768175
E,286,ASN,ARG,0.9991122952298953,2.4143711856460417
E,287,ARG,ASP,0.9993415039878963,2.079399999246321
E,288,ASP,LYS,0.9964351628701609,4.839344914885448
E,289,LYS,TRP,0.9974914833532138,4.059167306364343
E,290,TRP,ASN,0.9949284345162009,5.772877819488495
E,291,ASN,TRP,0.9989876470977181,2.5783403277170556
E,292,TRP,GLU,0.999989058737402,0.2680228043742377
E,293,GLU,VAL,0.9966975798001632,4.657720107336016
E,294,VAL,ARG,0.9999821071252182,0.3427506910929848
E,295,ARG,LEU,0.9939602133590493,6.3003874601632255
E,296,LEU,LYS,0.99976930767005,1.2307293491004987
E,297,LYS,ASP,0.9982522183051912,3.388008553514927
E,298,ASP,ALA,0.9967831953496966,4.596914889204208
E,299,ALA,PHE,0.998845652415468,2.7532631082938805
E,300,PHE,SER,0.9999805611473102,0.3572511603714195
E,301,SER,LYS,0.9985347983716492,3.1019826774229657
E,302,LYS,GLY,0.9996098348155005,1.6005749239234373
E,303,GLY,GLY,0.9999795926383618,0.3660427413130477
E,304,GLY,GLN,0.9999993118406955,0.06721746787655566
E,305,GLN,ASN,0.9997680464178635,1.234089244216187
E,306,ASN,ALA,0.9990801338767312,2.457724729909965
E,307,ALA,PRO,0.9965582332220901,4.755027026372241
E,308,PRO,THR,0.9995604973230965,1.6987688935682315
E,309,THR,CYS,0.9999688445443232,0.4522783630032367
E,310,CYS,ALA,0.998920854093958,2.6620534874203194
E,311,ALA,ALA,0.9988687419622907,2.725583047115272
E,312,ALA,CYS,0.9999974811836532,0.12859852074693154
E,313,CYS,HIS,0.9824123381055132,10.761684740962474
E,314,HIS,MET,0.9979813112617469,3.641207228195262
E,315,MET,GLU,0.995309238359359,5.551741332925741
E,316,GLU,TYR,0.9911430663613559,7.631332748330406
E,317,TYR,GLU,0.9979532092553451,3.6664727039341143
E,318,GLU,GLY,0.9998493655711943,0.9945009550441167
E,319,GLY,GLU,0.999809782038249,1.1175585269872326
E,320,GLU,TYR,0.9918979387266657,7.298423358062178
E,321,TYR,THR,0.9996683200268879,1.4757379973158407
E,322,THR,HIS,0.9930255979978362,6.7708603079814065
E,323,HIS,ASN,0.9947458342693243,5.875973818227274
E,324,ASN,ILE,0.9941488544596363,6.201119037318159
E,325,ILE,THR,0.9816604887500051,10.989994649813651
E,326,THR,ARG,0.9677905202326413,14.581497598543427
E,327,ARG,LYS,0.9991855607746456,2.3125783272924547
E,328,LYS,THR,0.9997032435214463,1.3958812550374338
E,329,THR,ARG,0.9999708734534886,0.43730372971163045
E,330,ARG,TRP,0.9997555443761929,1.2669121297238815
E,331,TRP,ALA,0.999973562360872,0.4166294085404447
E,332,ALA,ASN,0.9956311689569778,5.357701271102198
E,333,ASN,TYR,0.9980587844976935,3.5706294744331775
E,334,TYR,PRO,0.9949574907454356,5.756302992274008
E,335,PRO,PHE,0.9989780691925245,2.590510565721652
E,336,PHE,VAL,0.9996943521867214,1.4166394743052673
E,337,VAL,PRO,0.9978206196158472,3.783406930040056
E,338,PRO,GLY,0.9992007418200776,2.2909209588168338
E,339,GLY,ILE,0.9975849651217156,3.9827842004502827
E,340,ILE,ALA,0.9999636742409124,0.4883669820656239
E,341,ALA,GLU,0.9998763140263625,0.901160884773782
E,342,GLU,ASN,0.9996341832754004,1.549824952793095
E,343,ASN,ILE,0.9942223404799544,6.162017467840908
E,344,ILE,THR,0.9998498201898852,0.9929990683159484
E,345,THR,SER,0.99970274654784,1.397049654615385
E,346,SER,ASP,0.998456767402418,3.1835317948846016
E,347,ASP,TRP,0.99994663125485,0.5919473183546992
E,348,TRP,SER,0.9994990015987705,1.8137354171186078
E,349,SER,GLU,0.9999203794167923,0.7230247917513156
E,350,GLU,ALA,0.9982100795742194,3.4286195164763646
E,351,ALA,ARG,0.9983368690381782,3.3049208553778135
E,352,ARG,LEU,0.9910791709026423,7.658851074891007
E,353,LEU,ASP,0.9961401936836648,5.035703794100443
E,354,ASP,SER,0.9985734496990477,3.060784949605266
E,355,SER,TRP,0.9965695794604913,4.7471782748492295
E,356,TRP,VAL,0.9978980940330261,3.715526572589747
E,357,VAL,LEU,0.9935917297796494,6.489933316801252
E,358,LEU,THR,0.9999936000128288,0.20498751638214788
E,359,THR,CYS,0.9999998711137448,0.029089813549330525
E,360,CYS,THR,0.9942933194021832,6.1240138077882555
E,361,THR,GLN,0.9880283949315992,8.874584764721076
E,362,GLN,CYS,0.99959414877078,1.632434454157424
E,363,CYS,HIS,0.9993600807209535,2.049856170909834
E,364,HIS,SER,0.9922722627310938,7.1276091653039835
E,365,SER,GLU,0.9999215666747987,0.7176138013551957
E,366,GLU,ARG,0.99947059661865,1.864447450530229
E,367,ARG,PHE,0.9998248087375953,1.0725071394730346
E,368,PHE,ALA,0.9999418604335663,0.6178394408468928
E,369,ALA,ARG,0.9999823154708646,0.3407493379472584
E,370,ARG,SER,0.9968904074052886,4.519620616707354
E,371,SER,TYR,0.9999912747666292,0.23934616424042243
E,372,TYR,LEU,0.9974715824084811,4.075243663437225
E,373,LEU,ASP,0.9934335121980713,6.569648546026172
E,374,ASP,LEU,0.9988468128991327,2.7518785448411864
E,375,LEU,MET,0.9982682968914284,3.3723841606460816
E,376,MET,ASP,0.9997146076490181,1.3688918064451492
E,377,ASP,LYS,0.9995705091287364,1.6793071766325267
E,378,LYS,GLY,0.9979778039981775,3.64437003251688
E,379,GLY,THR,0.9987388269045713,2.877866427645315
E,380,THR,LEU,0.9991378536804487,2.3793554542954767
E,381,LEU,GLU,0.9974449842846318,4.096631787525965
E,382,GLU,GLY,0.9934178174192959,6.577503650472078
E,383,GLY,LEU,0.9999531500968396,0.5546176349882983
E,384,LEU,ALA,0.9994793246517398,1.8490130826130808
E,385,ALA,LYS,0.9982248559901384,3.4144337566808995
E,386,LYS,TYR,0.9984482837554685,3.192272510079449
E,387,TYR,GLN,0.9992087929328674,2.279351735598807
E,388,GLN,GLU,0.9984386740056975,3.202144660974001
E,389,GLU,ALA,0.9986299752428458,2.99951772839111
E,390,ALA,ASN,0.9999651543349574,0.478314195524764
E,391,ASN,ALA,0.9988217635806748,2.7816116883358917
E,392,ALA,ILE,0.99854055593734,3.095880512489053
E,393,ILE,VAL,0.9979860420683689,3.636936697506632
E,394,VAL,HIS,0.9982737520669406,3.367066631517068
E,395,HIS,LYS,0.994223594398396,6.16134811878032
E,396,LYS,MET,0.9996524976136786,1.5105291241073646
E,397,MET,TYR,0.999448052458642,1.9037350658814738
E,398,TYR,GLU,0.999998981108593,0.08179026530033692
E,399,GLU,ASP,0.9930380786431705,6.764792337072133
E,400,ASP,GLY,0.9998581199249489,0.9651692344099351
E,401,GLY,THR,0.9937252745802633,6.421882347687015
E,402,THR,LEU,0.9983447782069678,3.297050891728971
E,403,LEU,THR,0.9998440630637666,1.0118538128810806
E,404,THR,GLY,0.9986321949291463,2.9970863098545917
E,405,GLY,GLN,0.9987980369273851,2.809484904427837
E,406,GLN,LYS,0.9999603275685066,0.5103680459664826
E,407,LYS,THR,0.9975367881836409,4.022329987576008
E,408,THR,ASN,0.9977830360059413,3.8159020415213853
E,409,ASN,ARG,0.9976565993149982,3.923247922708253
E,410,ARG,PRO,0.9998729522366551,0.913325830065457
E,411,PRO,ASN,0.9998614894527618,0.9536391364371081
E,412,ASN,PRO,0.9927956247654329,6.881718009388994
E,413,PRO,PRO,0.9998777099385083,0.8960611284870917
E,414,PRO,GLU,0.999999689573835,0.04514574262057189
E,415,GLU,PRO,0.9988557724720354,2.741165428298173
E,416,PRO,GLU,0.9999946057648705,0.18819269516574624
E,417,GLU,LYS,0.9946474013841105,5.930808159019817
E,418,LYS,PRO,0.9979943749589064,3.6294023375736555
E,419,PRO,GLY,0.9994015106055653,1.9823828054001047
E,420,GLY,PHE,0.9976583162055755,3.921809915605905
E,421,PHE,GLY,0.9968847792933735,4.523710966272889
E,422,GLY,ILE,0.9995194683449964,1.7762988058258102
E,423,ILE,PHE,0.998508693871754,3.1295004506613164
E,424,PHE,THR,0.9999766938787307,0.3911771467987974
E,425,THR,GLN,0.9981797173492588,3.457585636278244
E,426,GLN,LEU,0.9955084984010873,5.432454486203408
E,427,LEU,PHE,0.999457636233395,1.8871333734085345
E,428,PHE,TRP,0.9957605927954241,5.277688402404189
E,429,TRP,SER,0.9967585668309111,4.614488280444392
E,430,SER,LYS,0.9992356578926388,2.240315529126849
E,431,LYS,GLY,0.9969126911375952,4.503389042479221
E,432,GLY,ASN,0.998759510630584,2.85416488509563
E,433,ASN,ASN,0.9909298291716493,7.7227890339137035
E,434,ASN,PRO,0.9983956367680034,3.2459891319259166
E,435,PRO,ALA,0.9800817293880782,11.454785408937076
E,436,ALA,SER,0.9982566031398921,3.3837547294766206
E,437,SER,LEU,0.9996938662199341,1.4177652821404563
E,438,LEU,GLU,0.9999936548632176,0.2041072137341686
E,439,GLU,LEU,0.9994779428566833,1.8514651732733174
E,440,LEU,LYS,0.9999920177724219,0.22892855759832192
E,441,LYS,VAL,0.9997062371471583,1.3888223631915653
E,442,VAL,LEU,0.9929404919301472,6.812094643450667
E,443,LEU,GLU,0.9999999490900645,0.01828263990356517
E,444,GLU,MET,0.9955842591675033,5.386409392403276
E,445,MET,ALA,0.9982961102577761,3.345184374658232
E,446,ALA,GLU,0.9975813123665864,3.9857962695517424
E,447,GLU,ASN,0.9963029090638283,4.928350531332048
E,448,ASN,ASN,0.9832928251789703,10.488071808883277
E,449,ASN,LEU,0.9996107045029671,1.5987899530927523
E,450,LEU,ALA,0.9990059373842107,2.5549386949093407
E,451,ALA,LYS,0.998887655877266,2.7026977355748123
E,452,LYS,MET,0.9972786044693724,4.2279710372343695
E,453,MET,HIS,0.9974075290069851,4.1265627394027335
E,454,HIS,VAL,0.9999045289463464,0.7917297118098132
E,455,VAL,GLY,0.998160204957411,3.4760735674644607
E,456,GLY,LEU,0.9979302699936681,3.686968377052127
E,457,LEU,ALA,0.9986356307388885,2.9933188729016877
E,458,ALA,HIS,0.9944193303223814,6.055959567823508
E,459,HIS,VAL,0.9796211101859602,11.58692507138935
E,460,VAL,ASN,0.9968990754629592,4.51331368600373
E,461,ASN,PRO,0.9918955989258297,7.299478568302875
E,462,PRO,GLY,0.9997452139538523,1.2934054046113597
E,463,GLY,GLY,0.9999355426739772,0.6505431460193029
E,464,GLY,TRP,0.9829817838822991,10.585527092010372
E,465,TRP,THR,0.9995673468890786,1.6854784537849123
E,466,THR,TYR,0.9966894004340104,4.663487795234978
E,467,TYR,THR,0.9616396952606681,15.921237775931703
E,468,THR,GLU,0.9987311565463999,2.88660648905746
E,469,GLU,GLY,0.9986384010657231,2.9902776984067896
E,470,GLY,TRP,0.9903739779116965,7.956279861365285
E,471,TRP,GLY,0.9976001940280502,3.9702018301562627
E,472,GLY,PRO,0.997110828966141,4.356411284112439
E,473,PRO,MET,0.9992268367070714,2.253207714294263
E,474,MET,ASN,0.992335168327938,7.098502363027876
E,475,ASN,ARG,0.9999340765454323,0.6579001643162565
E,476,ARG,ALA,0.9990746075080946,2.465097565438144
E,477,ALA,TYR,0.9978150859678419,3.78820884298765
E,478,TYR,VAL,0.9999173710154409,0.736557792539004
E,479,VAL,GLU,0.9997122046763142,1.374642962090176
E,480,GLU,ILE,0.9935214981845151,6.52543798119763
E,481,ILE,GLN,0.9995844333310723,1.6518591936447544
E,482,GLN,ASP,0.9999988683433374,0.08619756816412982
E,483,ASP,GLU,0.9991844503303383,2.314154542893529
E,484,GLU,TYR,0.9990970506467156,2.435017070333392
E,485,TYR,THR,0.9987793993486335,2.8311873803996903
E,486,THR,LYS,0.998740287510025,2.8761991194109466
E,487,LYS,MET,0.9999430974085373,0.6112314785447768
E,488,MET,GLN,0.9930350748146164,6.766253264842271
E,489,GLN,GLU,0.9985335537640878,3.1033002009635506
E,490,GLU,LEU,0.9975532958751642,4.008823598097231
E,491,LEU,SER,0.9996452796722737,1.5261369498590573
E,492,SER,ALA,0.9970823995021032,4.377802757337775
E,493,ALA,LEU,0.9967653605154373,4.609647403286852
E,494,LEU,GLN,0.9947205856677873,5.890087647533365
E,495,GLN,ALA,0.999536714777303,1.7441290770183864
E,496,ALA,ARG,0.9999763841799222,0.3937676199353305
E,497,ARG,VAL,0.9950279036559536,5.715937985893692
E,498,VAL,ASN,0.9982609012716358,3.3795798274659044
E,499,ASN,LYS,0.9972103101931689,4.2807178334294935
E,500,LYS,LEU,0.9999356264140257,0.6501204259992681
E,501,LEU,GLU,0.9999727031115958,0.423345736420382
E,502,GLU,GLY,0.9998435887245016,1.0133916462454964
F,2,SER,LEU,0.9995825741716625,1.6555503650447556
F,3,LEU,ALA,0.9980154949905437,3.610235877408496
F,4,ALA,PRO,0.997740958985301,3.851957435838121
F,5,PRO,ILE,0.9922081070942478,7.157173073430309
F,6,ILE,SER,0.9998735086186112,0.9113237235235433
F,7,SER,ALA,0.9999108769839147,0.7649548340663133
F,8,ALA,LYS,0.9999206111751109,0.7219717264550669
F,9,LYS,ASP,0.9986930381997366,2.929654385805286
F,10,ASP,MET,0.9955682895754266,5.396147809564162
F,11,MET,LEU,0.9982422254931373,3.3976829239865314
F,12,LEU,ASP,0.9999945793761256,0.18865245586828425
F,13,ASP,TYR,0.996323094792155,4.914869699542377
F,14,TYR,LEU,0.9984193931369846,3.221860871903024
F,15,LEU,ALA,0.9990343646904437,2.518135831813561
F,16,ALA,CYS,0.999813938971622,1.1052793922567994
F,17,CYS,LYS,0.9992787986324753,2.17616592449882
F,18,LYS,ASP,0.9998776177605473,0.8963987814906499
F,19,ASP,LYS,0.9807912141604607,11.248257190621468
F,20,LYS,LYS,0.980955983663733,11.199755658882589
F,21,LYS,PRO,0.9997536636516884,1.271776498953804
F,22,PRO,THR,0.9999739564140735,0.4135128060003359
F,23,THR,ASP,0.9998616153561015,0.9532056083697301
F,24,ASP,VAL,0.9999957140836945,0.1677488796609974
F,25,VAL,VAL,0.9976491953458874,3.929443207953891
F,26,VAL,LYS,0.9913415858009251,7.545198437409035
F,27,LYS,SER,0.9944255287594187,6.052592330429168
F,28,SER,HIS,0.9967570463551529,4.61557100997266
F,29,HIS,THR,0.9819225399753393,10.910954869400186
F,30,THR,GLU,0.9779411801021872,12.056752651848825
F,31,GLU,VAL,0.9934181126566534,6.57735597285854
F,32,VAL,GLU,0.9938327002119277,6.36661539244131
F,33,GLU,ASN,0.9999587638624624,0.520329096872995
F,34,ASN,GLY,0.999954982557999,0.5436628611221471
F,35,GLY,LYS,0.9999175596583074,0.735716515835968
F,36,LYS,ILE,0.9937050990351658,6.432209255590827
F,37,ILE,VAL,0.9999191851802213,0.7284270409252968
F,38,VAL,ARG,0.998831416612174,2.7701914586102068
F,39,ARG,VAL,0.996534460631496,4.771429929986249
F,40,VAL,LYS,0.9948503909225984,5.817164000743557
F,41,LYS,CYS,0.9929328742556779,6.8157733399695815
F,42,CYS,GLY,0.99839951598346,3.2420614437911115
F,43,GLY,ASP,0.9999996693894975,0.046590349148519505
F,44,ASP,ILE,0.9966184628841568,4.7132140908567575
F,45,ILE,VAL,0.999720363550601,1.355016678119396
F,46,VAL,ALA,0.9979029095774424,3.711266437058009
F,47,ALA,LEU,0.9993881002322798,2.0044716686753534
F,48,LEU,VAL,0.9995652012892869,1.6896528733516545
F,49,VAL,GLN,0.9993031950763618,2.1390377890346763
F,50,GLN,LYS,0.9964364161271984,4.838493672108121
F,51,LYS,ALA,0.9974864209711816,4.063262815672693
F,52,ALA,ARG,0.9977662219597184,3.8303504889834445
F,53,ARG,GLU,0.9998469612669849,1.0024064439310654
F,54,GLU,GLN,0.99996768895049,0.46058981691350537
F,55,GLN,SER,0.9999748441749614,0.4064038592679418
